[05Nov.2024 15:11:55.029] [main/INFO] [cpw.mods.modlauncher.Launcher/MODLAUNCHER]: ModLauncher running: args [--mod, exterra, --all, --output, /Users/adrian/Documents/Modding/ExTerra/src/generated/resources, --existing, /Users/adrian/Documents/Modding/ExTerra/src/main/resources, --launchTarget, forgedatauserdev, --assetIndex, asset-index, --assetsDir, /Users/adrian/.gradle/caches/minecraft/assets/1.21, --gameDir, ., --fml.neoForgeVersion, 21.0.167, --fml.fmlVersion, 4.0.23, --fml.mcVersion, 1.21, --fml.neoFormVersion, 20240613.152323]
[05Nov.2024 15:11:55.030] [main/INFO] [cpw.mods.modlauncher.Launcher/MODLAUNCHER]: JVM identified as Oracle Corporation OpenJDK 64-Bit Server VM 21+35-2513
[05Nov.2024 15:11:55.031] [main/INFO] [cpw.mods.modlauncher.Launcher/MODLAUNCHER]: ModLauncher 11.0.4+main.d2e20e43 starting: java version 21 by Oracle Corporation; OS Mac OS X arch aarch64 version 14.5
[05Nov.2024 15:11:55.049] [main/DEBUG] [cpw.mods.modlauncher.LaunchServiceHandler/MODLAUNCHER]: Found launch services [minecraft,forgeclient,forgedatauserdev,testharness,forgeserverdev,forgeserveruserdev,forgejunitdev,forgeclientdev,forgeclientuserdev,forgeserver,forgejunituserdev,forgedatadev]
[05Nov.2024 15:11:55.065] [main/DEBUG] [cpw.mods.modlauncher.LaunchPluginHandler/MODLAUNCHER]: Found launch plugins: [mixin,slf4jfixer,runtime_enum_extender,accesstransformer,runtimedistcleaner]
[05Nov.2024 15:11:55.072] [main/DEBUG] [cpw.mods.modlauncher.TransformationServicesHandler/MODLAUNCHER]: Discovering transformation services
[05Nov.2024 15:11:55.077] [main/DEBUG] [net.neoforged.fml.loading.FMLPaths/CORE]: Path GAMEDIR is /Users/adrian/Documents/Modding/ExTerra/runs/data
[05Nov.2024 15:11:55.077] [main/DEBUG] [net.neoforged.fml.loading.FMLPaths/CORE]: Path MODSDIR is /Users/adrian/Documents/Modding/ExTerra/runs/data/mods
[05Nov.2024 15:11:55.077] [main/DEBUG] [net.neoforged.fml.loading.FMLPaths/CORE]: Path CONFIGDIR is /Users/adrian/Documents/Modding/ExTerra/runs/data/config
[05Nov.2024 15:11:55.077] [main/DEBUG] [net.neoforged.fml.loading.FMLPaths/CORE]: Path FMLCONFIG is /Users/adrian/Documents/Modding/ExTerra/runs/data/config/fml.toml
[05Nov.2024 15:11:55.113] [main/TRACE] [net.neoforged.fml.loading.FMLConfig/CORE]: Loaded FML config from /Users/adrian/Documents/Modding/ExTerra/runs/data/config/fml.toml
[05Nov.2024 15:11:55.113] [main/TRACE] [net.neoforged.fml.loading.FMLConfig/CORE]: FMLConfig disableConfigWatcher is false
[05Nov.2024 15:11:55.113] [main/TRACE] [net.neoforged.fml.loading.FMLConfig/CORE]: FMLConfig earlyWindowControl is true
[05Nov.2024 15:11:55.113] [main/TRACE] [net.neoforged.fml.loading.FMLConfig/CORE]: FMLConfig maxThreads is 10
[05Nov.2024 15:11:55.113] [main/TRACE] [net.neoforged.fml.loading.FMLConfig/CORE]: FMLConfig versionCheck is true
[05Nov.2024 15:11:55.113] [main/TRACE] [net.neoforged.fml.loading.FMLConfig/CORE]: FMLConfig defaultConfigPath is defaultconfigs
[05Nov.2024 15:11:55.113] [main/TRACE] [net.neoforged.fml.loading.FMLConfig/CORE]: FMLConfig disableOptimizedDFU is true
[05Nov.2024 15:11:55.114] [main/TRACE] [net.neoforged.fml.loading.FMLConfig/CORE]: FMLConfig earlyWindowProvider is fmlearlywindow
[05Nov.2024 15:11:55.114] [main/TRACE] [net.neoforged.fml.loading.FMLConfig/CORE]: FMLConfig earlyWindowWidth is 854
[05Nov.2024 15:11:55.114] [main/TRACE] [net.neoforged.fml.loading.FMLConfig/CORE]: FMLConfig earlyWindowHeight is 480
[05Nov.2024 15:11:55.114] [main/TRACE] [net.neoforged.fml.loading.FMLConfig/CORE]: FMLConfig earlyWindowFBScale is 1
[05Nov.2024 15:11:55.114] [main/TRACE] [net.neoforged.fml.loading.FMLConfig/CORE]: FMLConfig earlyWindowMaximized is false
[05Nov.2024 15:11:55.114] [main/TRACE] [net.neoforged.fml.loading.FMLConfig/CORE]: FMLConfig earlyWindowSkipGLVersions is []
[05Nov.2024 15:11:55.114] [main/TRACE] [net.neoforged.fml.loading.FMLConfig/CORE]: FMLConfig earlyWindowSquir is false
[05Nov.2024 15:11:55.119] [main/DEBUG] [net.neoforged.fml.loading.targets.CommonLaunchHandler/CORE]: Got mod coordinates ExTerra%%/Users/adrian/Documents/Modding/ExTerra/build/resources/main:ExTerra%%/Users/adrian/Documents/Modding/ExTerra/build/classes/java/main from env
[05Nov.2024 15:11:55.120] [main/DEBUG] [net.neoforged.fml.loading.targets.CommonLaunchHandler/CORE]: Found supplied mod coordinates [{ExTerra=[/Users/adrian/Documents/Modding/ExTerra/build/resources/main, /Users/adrian/Documents/Modding/ExTerra/build/classes/java/main]}]
[05Nov.2024 15:11:55.121] [main/DEBUG] [cpw.mods.modlauncher.TransformationServicesHandler/MODLAUNCHER]: Found additional transformation services from discovery services: 
[05Nov.2024 15:11:55.124] [main/INFO] [net.neoforged.fml.loading.ImmediateWindowHandler/]: ImmediateWindowProvider not loading because launch target is forgedatauserdev
[05Nov.2024 15:11:55.128] [main/DEBUG] [cpw.mods.modlauncher.TransformationServicesHandler/MODLAUNCHER]: Found transformer services : [mixin,fml]
[05Nov.2024 15:11:55.128] [main/DEBUG] [cpw.mods.modlauncher.TransformationServicesHandler/MODLAUNCHER]: Transformation services loading
[05Nov.2024 15:11:55.129] [main/DEBUG] [cpw.mods.modlauncher.TransformationServiceDecorator/MODLAUNCHER]: Loading service mixin
[05Nov.2024 15:11:55.129] [main/DEBUG] [cpw.mods.modlauncher.TransformationServiceDecorator/MODLAUNCHER]: Loaded service mixin
[05Nov.2024 15:11:55.129] [main/DEBUG] [cpw.mods.modlauncher.TransformationServiceDecorator/MODLAUNCHER]: Loading service fml
[05Nov.2024 15:11:55.129] [main/DEBUG] [net.neoforged.fml.loading.FMLLoader/CORE]: FML 4.0.23 loading
[05Nov.2024 15:11:55.129] [main/DEBUG] [net.neoforged.fml.loading.FMLLoader/CORE]: FML found ModLauncher version : 11.0.4+main.d2e20e43
[05Nov.2024 15:11:55.129] [main/DEBUG] [net.neoforged.fml.loading.FMLLoader/CORE]: FML found AccessTransformer version : 10.0.1+139da711
[05Nov.2024 15:11:55.129] [main/DEBUG] [net.neoforged.fml.loading.FMLLoader/CORE]: FML found EventBus version : null
[05Nov.2024 15:11:55.129] [main/DEBUG] [net.neoforged.fml.loading.FMLLoader/CORE]: Found Runtime Dist Cleaner
[05Nov.2024 15:11:55.129] [main/DEBUG] [cpw.mods.modlauncher.TransformationServiceDecorator/MODLAUNCHER]: Loaded service fml
[05Nov.2024 15:11:55.130] [main/DEBUG] [cpw.mods.modlauncher.TransformationServicesHandler/MODLAUNCHER]: Configuring option handling for services
[05Nov.2024 15:11:55.138] [main/DEBUG] [net.neoforged.fml.loading.FMLServiceProvider/CORE]: Received command line version data  : VersionInfo[neoForgeVersion=21.0.167, fmlVersion=4.0.23, mcVersion=1.21, neoFormVersion=20240613.152323]
[05Nov.2024 15:11:55.138] [main/DEBUG] [cpw.mods.modlauncher.TransformationServicesHandler/MODLAUNCHER]: Transformation services initializing
[05Nov.2024 15:11:55.138] [main/DEBUG] [cpw.mods.modlauncher.TransformationServiceDecorator/MODLAUNCHER]: Initializing transformation service mixin
[05Nov.2024 15:11:55.145] [main/DEBUG] [mixin/]: MixinService [ModLauncher] was successfully booted in cpw.mods.cl.ModuleClassLoader@45afc369
[05Nov.2024 15:11:55.152] [main/INFO] [mixin/]: SpongePowered MIXIN Subsystem Version=0.8.6 Source=union:/Users/adrian/.gradle/caches/modules-2/files-2.1/net.fabricmc/sponge-mixin/0.14.0+mixin.0.8.6/c265173c84346e9e5d42a2384b2b02bd39a4a899/sponge-mixin-0.14.0+mixin.0.8.6.jar%23127!/ Service=ModLauncher Env=CLIENT
[05Nov.2024 15:11:55.153] [main/DEBUG] [mixin/]: Initialising Mixin Platform Manager
[05Nov.2024 15:11:55.153] [main/DEBUG] [mixin/]: Adding mixin platform agents for container ModLauncher Root Container(ModLauncher:4f56a0a2)
[05Nov.2024 15:11:55.154] [main/DEBUG] [mixin/]: Instancing new MixinPlatformAgentMinecraftForge for ModLauncher Root Container(ModLauncher:4f56a0a2)
[05Nov.2024 15:11:55.154] [main/DEBUG] [mixin/]: MixinPlatformAgentMinecraftForge rejected container ModLauncher Root Container(ModLauncher:4f56a0a2)
[05Nov.2024 15:11:55.154] [main/DEBUG] [mixin/]: Instancing new MixinPlatformAgentDefault for ModLauncher Root Container(ModLauncher:4f56a0a2)
[05Nov.2024 15:11:55.154] [main/DEBUG] [mixin/]: MixinPlatformAgentDefault accepted container ModLauncher Root Container(ModLauncher:4f56a0a2)
[05Nov.2024 15:11:55.155] [main/DEBUG] [cpw.mods.modlauncher.TransformationServiceDecorator/MODLAUNCHER]: Initialized transformation service mixin
[05Nov.2024 15:11:55.155] [main/DEBUG] [cpw.mods.modlauncher.TransformationServiceDecorator/MODLAUNCHER]: Initializing transformation service fml
[05Nov.2024 15:11:55.155] [main/DEBUG] [net.neoforged.fml.loading.FMLServiceProvider/CORE]: Setting up basic FML game directories
[05Nov.2024 15:11:55.155] [main/DEBUG] [net.neoforged.fml.loading.FMLPaths/CORE]: Path GAMEDIR is /Users/adrian/Documents/Modding/ExTerra/runs/data
[05Nov.2024 15:11:55.155] [main/DEBUG] [net.neoforged.fml.loading.FMLPaths/CORE]: Path MODSDIR is /Users/adrian/Documents/Modding/ExTerra/runs/data/mods
[05Nov.2024 15:11:55.156] [main/DEBUG] [net.neoforged.fml.loading.FMLPaths/CORE]: Path CONFIGDIR is /Users/adrian/Documents/Modding/ExTerra/runs/data/config
[05Nov.2024 15:11:55.156] [main/DEBUG] [net.neoforged.fml.loading.FMLPaths/CORE]: Path FMLCONFIG is /Users/adrian/Documents/Modding/ExTerra/runs/data/config/fml.toml
[05Nov.2024 15:11:55.156] [main/DEBUG] [net.neoforged.fml.loading.FMLServiceProvider/CORE]: Loading configuration
[05Nov.2024 15:11:55.157] [main/TRACE] [net.neoforged.fml.loading.FMLConfig/CORE]: Loaded FML config from /Users/adrian/Documents/Modding/ExTerra/runs/data/config/fml.toml
[05Nov.2024 15:11:55.157] [main/TRACE] [net.neoforged.fml.loading.FMLConfig/CORE]: FMLConfig disableConfigWatcher is false
[05Nov.2024 15:11:55.157] [main/TRACE] [net.neoforged.fml.loading.FMLConfig/CORE]: FMLConfig earlyWindowControl is true
[05Nov.2024 15:11:55.157] [main/TRACE] [net.neoforged.fml.loading.FMLConfig/CORE]: FMLConfig maxThreads is 10
[05Nov.2024 15:11:55.157] [main/TRACE] [net.neoforged.fml.loading.FMLConfig/CORE]: FMLConfig versionCheck is true
[05Nov.2024 15:11:55.157] [main/TRACE] [net.neoforged.fml.loading.FMLConfig/CORE]: FMLConfig defaultConfigPath is defaultconfigs
[05Nov.2024 15:11:55.157] [main/TRACE] [net.neoforged.fml.loading.FMLConfig/CORE]: FMLConfig disableOptimizedDFU is true
[05Nov.2024 15:11:55.157] [main/TRACE] [net.neoforged.fml.loading.FMLConfig/CORE]: FMLConfig earlyWindowProvider is fmlearlywindow
[05Nov.2024 15:11:55.157] [main/TRACE] [net.neoforged.fml.loading.FMLConfig/CORE]: FMLConfig earlyWindowWidth is 854
[05Nov.2024 15:11:55.157] [main/TRACE] [net.neoforged.fml.loading.FMLConfig/CORE]: FMLConfig earlyWindowHeight is 480
[05Nov.2024 15:11:55.158] [main/TRACE] [net.neoforged.fml.loading.FMLConfig/CORE]: FMLConfig earlyWindowFBScale is 1
[05Nov.2024 15:11:55.158] [main/TRACE] [net.neoforged.fml.loading.FMLConfig/CORE]: FMLConfig earlyWindowMaximized is false
[05Nov.2024 15:11:55.158] [main/TRACE] [net.neoforged.fml.loading.FMLConfig/CORE]: FMLConfig earlyWindowSkipGLVersions is []
[05Nov.2024 15:11:55.158] [main/TRACE] [net.neoforged.fml.loading.FMLConfig/CORE]: FMLConfig earlyWindowSquir is false
[05Nov.2024 15:11:55.159] [main/DEBUG] [net.neoforged.fml.loading.LaunchContext/SCAN]: Located paths when launch context was created: [/Users/adrian/.gradle/caches/modules-2/files-2.1/org.lwjgl/lwjgl-freetype/3.3.3/806d869f37ce0df388a24e17aaaf5ca0894d851b/lwjgl-freetype-3.3.3-natives-macos-patch.jar, /Users/adrian/.gradle/caches/modules-2/files-2.1/io.netty/netty-buffer/4.1.97.Final/f8f3d8644afa5e6e1a40a3a6aeb9d9aa970ecb4f/netty-buffer-4.1.97.Final.jar, /Users/adrian/.gradle/caches/modules-2/files-2.1/com.mojang/datafixerupper/8.0.16/67d4de6d7f95d89bcf5862995fb854ebaec02a34/datafixerupper-8.0.16.jar, /Users/adrian/.gradle/caches/modules-2/files-2.1/io.netty/netty-common/4.1.97.Final/7cceacaf11df8dc63f23d0fb58e9d4640fc88404/netty-common-4.1.97.Final.jar, /Users/adrian/.gradle/caches/modules-2/files-2.1/org.jetbrains/annotations/24.1.0/7af6a669488450c4a07c2c3254e2151df42d7d04/annotations-24.1.0.jar, /Users/adrian/.gradle/caches/modules-2/files-2.1/org.apache.httpcomponents/httpcore/4.4.16/51cf043c87253c9f58b539c9f7e44c8894223850/httpcore-4.4.16.jar, /Users/adrian/.gradle/caches/modules-2/files-2.1/org.lwjgl/lwjgl-stb/3.3.3/25dd6161988d7e65f71d5065c99902402ee32746/lwjgl-stb-3.3.3.jar, /Users/adrian/.gradle/caches/modules-2/files-2.1/com.electronwill.night-config/toml/3.8.0/861dbcf2757dd6701c98b3949198549ccb5f62ff/toml-3.8.0.jar, /Users/adrian/.gradle/caches/modules-2/files-2.1/net.neoforged/JarJarMetadata/0.4.1/f8da03683dc81694556dc3e177c5e3bb77ae6fcb/JarJarMetadata-0.4.1.jar, /Users/adrian/.gradle/caches/modules-2/files-2.1/io.netty/netty-resolver/4.1.97.Final/cec8348108dc76c47cf87c669d514be52c922144/netty-resolver-4.1.97.Final.jar, /Users/adrian/.gradle/caches/modules-2/files-2.1/com.machinezoo.noexception/noexception/1.7.1/b65330c98e38a1f915fa54a6e5eca496505e3f0a/noexception-1.7.1.jar, /Users/adrian/.gradle/caches/modules-2/files-2.1/org.lwjgl/lwjgl-freetype/3.3.3/b0a8c9baa9d1f54ac61e1ab9640c7659e7fa700c/lwjgl-freetype-3.3.3-natives-macos-arm64.jar, /Users/adrian/.gradle/caches/modules-2/files-2.1/io.netty/netty-transport/4.1.97.Final/f37380d23c9bb079bc702910833b2fd532c9abd0/netty-transport-4.1.97.Final.jar, /Users/adrian/.gradle/caches/modules-2/files-2.1/commons-logging/commons-logging/1.2/4bfc12adfe4842bf07b657f0369c4cb522955686/commons-logging-1.2.jar, /Users/adrian/.gradle/caches/modules-2/files-2.1/org.lwjgl/lwjgl-glfw/3.3.3/efa1eb78c5ccd840e9f329717109b5e892d72f8e/lwjgl-glfw-3.3.3.jar, /Users/adrian/.gradle/caches/modules-2/files-2.1/org.lwjgl/lwjgl/3.3.3/29589b5f87ed335a6c7e7ee6a5775f81f97ecb84/lwjgl-3.3.3.jar, /Users/adrian/.gradle/caches/modules-2/files-2.1/org.apache.maven/maven-artifact/3.8.5/4433f50c07debefaed0553bd0068f4f48d449313/maven-artifact-3.8.5.jar, /Users/adrian/.gradle/caches/modules-2/files-2.1/org.lwjgl/lwjgl-freetype/3.3.3/a0db6c84a8becc8ca05f9dbfa985edc348a824c7/lwjgl-freetype-3.3.3.jar, /Users/adrian/.gradle/caches/modules-2/files-2.1/net.neoforged/JarJarSelector/0.4.1/fb3cc7a58af22ad2880adb98af6d518128c47dae/JarJarSelector-0.4.1.jar, /Users/adrian/.gradle/caches/modules-2/files-2.1/net.neoforged/mergetool/2.0.3/1275202cbbb248f49345cf6787ce299afd9a02fb/mergetool-2.0.3-api.jar, /Users/adrian/.gradle/caches/modules-2/files-2.1/net.sf.jopt-simple/jopt-simple/5.0.4/4fdac2fbe92dfad86aa6e9301736f6b4342a3f5c/jopt-simple-5.0.4.jar, /Users/adrian/.gradle/caches/modules-2/files-2.1/org.lwjgl/lwjgl-tinyfd/3.3.3/406feedb977372085a61eb0fee358183f4f4c67a/lwjgl-tinyfd-3.3.3-natives-macos-arm64.jar, /Users/adrian/.gradle/caches/modules-2/files-2.1/org.jline/jline-terminal/3.20.0/d0ddcc708ddf527a3454c941b7b9225cc83a15ff/jline-terminal-3.20.0.jar, /Users/adrian/.gradle/caches/modules-2/files-2.1/com.mojang/text2speech/1.17.9/3cad216e3a7f0c19b4b394388bc9ffc446f13b14/text2speech-1.17.9.jar, /Users/adrian/.gradle/caches/modules-2/files-2.1/org.apache.logging.log4j/log4j-core/2.22.1/7183a25510a02ad00cc6a95d3b3d2a7d3c5a8dc4/log4j-core-2.22.1.jar, /Users/adrian/.gradle/caches/modules-2/files-2.1/org.lwjgl/lwjgl-opengl/3.3.3/1bd45997551ae8a28469f3a2b678f4b7289e12c0/lwjgl-opengl-3.3.3-natives-macos.jar, /Users/adrian/.gradle/caches/modules-2/files-2.1/io.netty/netty-transport-native-unix-common/4.1.97.Final/d469d84265ab70095b01b40886cabdd433b6e664/netty-transport-native-unix-common-4.1.97.Final.jar, /Users/adrian/.gradle/caches/modules-2/files-2.1/org.apache.logging.log4j/log4j-api/2.22.1/bea6fede6328fabafd7e68363161a7ea6605abd1/log4j-api-2.22.1.jar, /Users/adrian/.gradle/caches/modules-2/files-2.1/org.slf4j/slf4j-api/2.0.9/7cf2726fdcfbc8610f9a71fb3ed639871f315340/slf4j-api-2.0.9.jar, /Users/adrian/.gradle/caches/modules-2/files-2.1/com.mojang/blocklist/1.0.10/5c685c5ffa94c4cd39496c7184c1d122e515ecef/blocklist-1.0.10.jar, /Users/adrian/.gradle/caches/modules-2/files-2.1/org.jcraft/jorbis/0.0.17/8872d22b293e8f5d7d56ff92be966e6dc28ebdc6/jorbis-0.0.17.jar, /Users/adrian/.gradle/caches/modules-2/files-2.1/org.apache.commons/commons-lang3/3.14.0/1ed471194b02f2c6cb734a0cd6f6f107c673afae/commons-lang3-3.14.0.jar, /Users/adrian/.gradle/caches/modules-2/files-2.1/org.lwjgl/lwjgl-jemalloc/3.3.3/b543467b7ff3c6920539a88ee602d34098628be5/lwjgl-jemalloc-3.3.3.jar, /Users/adrian/.gradle/caches/modules-2/files-2.1/org.lwjgl/lwjgl-stb/3.3.3/472792c98fb2c1557c060cb9da5fca6a9773621f/lwjgl-stb-3.3.3-natives-macos.jar, /Users/adrian/.gradle/caches/modules-2/files-2.1/org.joml/joml/1.10.5/22566d58af70ad3d72308bab63b8339906deb649/joml-1.10.5.jar, /Users/adrian/.gradle/caches/modules-2/files-2.1/net.fabricmc/sponge-mixin/0.14.0+mixin.0.8.6/c265173c84346e9e5d42a2384b2b02bd39a4a899/sponge-mixin-0.14.0+mixin.0.8.6.jar, /Users/adrian/.gradle/caches/modules-2/files-2.1/com.github.oshi/oshi-core/6.4.10/b1d8ab82d11d92fd639b56d639f8f46f739dd5fa/oshi-core-6.4.10.jar, /Users/adrian/.gradle/caches/modules-2/files-2.1/commons-io/commons-io/2.15.1/f11560da189ab563a5c8e351941415430e9304ea/commons-io-2.15.1.jar, /Users/adrian/.gradle/caches/modules-2/files-2.1/org.codehaus.plexus/plexus-utils/3.3.0/cf43b5391de623b36fe066a21127baef82c64022/plexus-utils-3.3.0.jar, /Users/adrian/.gradle/caches/modules-2/files-2.1/org.lwjgl/lwjgl-glfw/3.3.3/a1bf400f6bc64e6195596cb1430dafda46090751/lwjgl-glfw-3.3.3-natives-macos.jar, /Users/adrian/.gradle/caches/modules-2/files-2.1/com.mojang/authlib/6.0.54/de8bc95660e1b2fe8793fd427a7a10dcec5b3ea7/authlib-6.0.54.jar, /Users/adrian/.gradle/caches/modules-2/files-2.1/com.google.guava/guava/32.1.2-jre/5e64ec7e056456bef3a4bc4c6fdaef71e8ab6318/guava-32.1.2-jre.jar, /Users/adrian/.gradle/caches/modules-2/files-2.1/net.neoforged.accesstransformers/at-modlauncher/10.0.1/5aba50202aceead086bc09fbc2751c9f05cb4890/at-modlauncher-10.0.1.jar, /Users/adrian/.gradle/caches/modules-2/files-2.1/com.google.code.gson/gson/2.10.1/b3add478d4382b78ea20b1671390a858002feb6c/gson-2.10.1.jar, /Users/adrian/.gradle/caches/modules-2/files-2.1/net.java.dev.jna/jna/5.14.0/67bf3eaea4f0718cb376a181a629e5f88fa1c9dd/jna-5.14.0.jar, /Users/adrian/.gradle/caches/modules-2/files-2.1/ca.weblite/java-objc-bridge/1.1/1227f9e0666314f9de41477e3ec277e542ed7f7b/java-objc-bridge-1.1.jar, /Users/adrian/.gradle/caches/modules-2/files-2.1/com.mojang/logging/1.2.7/24cb95ffb0e3433fd6e844c04e68009e504ca1c0/logging-1.2.7.jar, /Users/adrian/.gradle/caches/modules-2/files-2.1/net.jodah/typetools/0.6.3/a01aaa6ddaea9ec07ec4f209487b7a46a526283a/typetools-0.6.3.jar, /Users/adrian/.gradle/caches/modules-2/files-2.1/org.lz4/lz4-java/1.8.0/4b986a99445e49ea5fbf5d149c4b63f6ed6c6780/lz4-java-1.8.0.jar, /Users/adrian/.gradle/caches/modules-2/files-2.1/org.jline/jline-reader/3.20.0/8f15415b022a25b473e8e16c28ae913186ffb9c4/jline-reader-3.20.0.jar, /Users/adrian/.gradle/caches/modules-2/files-2.1/org.antlr/antlr4-runtime/4.13.1/17125bae1d965624e265ef49552f6465a2bfa307/antlr4-runtime-4.13.1.jar, /Users/adrian/.gradle/caches/modules-2/files-2.1/cpw.mods/modlauncher/11.0.4/6619d4812a3c092310d521ebc4c9503727563df7/modlauncher-11.0.4.jar, /Users/adrian/Documents/Modding/ExTerra/.gradle/repositories/ng_dummy_ng/net/minecraft/client/1.21/client-1.21-client-extra.jar, /Users/adrian/.gradle/caches/modules-2/files-2.1/com.mojang/patchy/2.2.10/da05971b07cbb379d002cf7eaec6a2048211fefc/patchy-2.2.10.jar, /Users/adrian/.gradle/caches/modules-2/files-2.1/net.minecrell/terminalconsoleappender/1.3.0/b562e9bb61235c9520e26282cdee71f8f802d1fc/terminalconsoleappender-1.3.0.jar, /Users/adrian/.gradle/caches/modules-2/files-2.1/com.google.guava/listenablefuture/9999.0-empty-to-avoid-conflict-with-guava/b421526c5f297295adef1c886e5246c39d4ac629/listenablefuture-9999.0-empty-to-avoid-conflict-with-guava.jar, /Users/adrian/.gradle/caches/modules-2/files-2.1/net.minecraftforge/srgutils/0.4.15/ca408b131759478f164e010fae0d73997e125fb5/srgutils-0.4.15.jar, /Users/adrian/.gradle/caches/modules-2/files-2.1/com.google.errorprone/error_prone_annotations/2.18.0/89b684257096f548fa39a7df9fdaa409d4d4df91/error_prone_annotations-2.18.0.jar, /Users/adrian/.gradle/caches/modules-2/files-2.1/org.apache.commons/commons-compress/1.26.0/659feffdd12280201c8aacb8f7be94f9a883c824/commons-compress-1.26.0.jar, /Users/adrian/.gradle/caches/modules-2/files-2.1/com.mojang/brigadier/1.2.9/73e324f2ee541493a5179abf367237faa782ed21/brigadier-1.2.9.jar, /Users/adrian/.gradle/caches/modules-2/files-2.1/commons-codec/commons-codec/1.16.0/4e3eb3d79888d76b54e28b350915b5dc3919c9de/commons-codec-1.16.0.jar, /Users/adrian/.gradle/caches/modules-2/files-2.1/org.lwjgl/lwjgl-opengl/3.3.3/2f6b0147078396a58979125a4c947664e98293a/lwjgl-opengl-3.3.3.jar, /Users/adrian/.gradle/caches/modules-2/files-2.1/org.lwjgl/lwjgl-openal/3.3.3/daada81ceb5fc0c291fbfdd4433cb8d9423577f2/lwjgl-openal-3.3.3.jar, /Users/adrian/.gradle/caches/modules-2/files-2.1/org.lwjgl/lwjgl/3.3.3/226246e75f6bd8d4e1895bdce8638ef87808d114/lwjgl-3.3.3-natives-macos-arm64.jar, /Users/adrian/.gradle/caches/modules-2/files-2.1/org.apache.httpcomponents/httpclient/4.5.13/e5f6cae5ca7ecaac1ec2827a9e2d65ae2869cada/httpclient-4.5.13.jar, /Users/adrian/.gradle/caches/modules-2/files-2.1/com.google.j2objc/j2objc-annotations/2.8/c85270e307e7b822f1086b93689124b89768e273/j2objc-annotations-2.8.jar, /Users/adrian/.gradle/caches/modules-2/files-2.1/net.java.dev.jna/jna-platform/5.14.0/28934d48aed814f11e4c584da55c49fa7032b31b/jna-platform-5.14.0.jar, /Users/adrian/.gradle/caches/modules-2/files-2.1/net.neoforged.fancymodloader/earlydisplay/4.0.23/c9491ed7df998cf229eae9c7364ee9ab6f26bcfe/earlydisplay-4.0.23.jar, /Users/adrian/.gradle/caches/modules-2/files-2.1/org.apache.logging.log4j/log4j-slf4j2-impl/2.22.1/d7e6693c2606cb7e7335047d7bb96dec52db5665/log4j-slf4j2-impl-2.22.1.jar, /Users/adrian/.gradle/caches/modules-2/files-2.1/com.google.code.findbugs/jsr305/3.0.2/25ea2e8b0c338a877313bd4672d3fe056ea78f0d/jsr305-3.0.2.jar, /Users/adrian/.gradle/caches/modules-2/files-2.1/com.ibm.icu/icu4j/73.2/61ad4ef7f9131fcf6d25c34b817f90d6da06c9e9/icu4j-73.2.jar, /Users/adrian/.gradle/caches/modules-2/files-2.1/net.neoforged.fancymodloader/loader/4.0.23/1603ac9e724a9bf4e3d4ae2631da629e4755111d/loader-4.0.23.jar, /Users/adrian/.gradle/caches/modules-2/files-2.1/org.lwjgl/lwjgl-openal/3.3.3/8df8338bfa77f2ebabef4e58964bd04d24805cbf/lwjgl-openal-3.3.3-natives-macos.jar, /Users/adrian/.gradle/caches/modules-2/files-2.1/io.netty/netty-codec/4.1.97.Final/384ba4d75670befbedb45c4d3b497a93639c206d/netty-codec-4.1.97.Final.jar, /Users/adrian/.gradle/caches/modules-2/files-2.1/org.lwjgl/lwjgl-tinyfd/3.3.3/82d755ca94b102e9ca77283b9e2dc46d1b15fbe5/lwjgl-tinyfd-3.3.3.jar, /Users/adrian/.gradle/caches/modules-2/files-2.1/io.netty/netty-handler/4.1.97.Final/abb86c6906bf512bf2b797a41cd7d2e8d3cd7c36/netty-handler-4.1.97.Final.jar, /Users/adrian/.gradle/caches/modules-2/files-2.1/org.checkerframework/checker-qual/3.33.0/de2b60b62da487644fc11f734e73c8b0b431238f/checker-qual-3.33.0.jar, /Users/adrian/.gradle/caches/modules-2/files-2.1/net.neoforged/neoform/1.21-20240613.152323/6293c1a6b9b053ea4e41ac2fe03a3342486d45b1/neoform-1.21-20240613.152323.zip, /Users/adrian/.gradle/caches/modules-2/files-2.1/com.electronwill.night-config/core/3.8.0/2498dd2b3120dd49e963e2feab8fa5d0c5f80e0a/core-3.8.0.jar, /Users/adrian/.gradle/caches/modules-2/files-2.1/io.netty/netty-transport-classes-epoll/4.1.97.Final/795da37ded759e862457a82d9d92c4d39ce8ecee/netty-transport-classes-epoll-4.1.97.Final.jar, /Users/adrian/.gradle/caches/modules-2/files-2.1/it.unimi.dsi/fastutil/8.5.12/c24946d46824bd528054bface3231d2ecb7e95e8/fastutil-8.5.12.jar, /Users/adrian/.gradle/caches/modules-2/files-2.1/com.google.guava/failureaccess/1.0.1/1dcf1de382a0bf95a3d8b0849546c88bac1292c9/failureaccess-1.0.1.jar, /Users/adrian/.gradle/caches/modules-2/files-2.1/net.neoforged/accesstransformers/10.0.1/fd83b5725f76eae9115e9355fa1c456a6a441400/accesstransformers-10.0.1.jar, /Users/adrian/.gradle/caches/modules-2/files-2.1/org.lwjgl/lwjgl-jemalloc/3.3.3/2906637657a57579847238c9c72d2c4bde7083f8/lwjgl-jemalloc-3.3.3-natives-macos.jar, /Users/adrian/.gradle/caches/modules-2/files-2.1/org.openjdk.nashorn/nashorn-core/15.4/f67f5ffaa5f5130cf6fb9b133da00c7df3b532a5/nashorn-core-15.4.jar, /Users/adrian/.gradle/caches/modules-2/files-2.1/net.neoforged/coremods/7.0.3/9147e6f638b4272b3bd5fc8f92ad37802512c6c/coremods-7.0.3.jar, /Users/adrian/.gradle/caches/modules-2/files-2.1/net.neoforged/bus/8.0.1/9df0ed904cec279eb33ca6df420f6f82706ebb4c/bus-8.0.1.jar]
[05Nov.2024 15:11:55.159] [main/DEBUG] [net.neoforged.fml.loading.FMLServiceProvider/CORE]: Preparing launch handler
[05Nov.2024 15:11:55.159] [main/DEBUG] [net.neoforged.fml.loading.FMLLoader/CORE]: Using forgedatauserdev as launch service
[05Nov.2024 15:11:55.159] [main/DEBUG] [net.neoforged.fml.common.asm.RuntimeDistCleaner/DISTXFORM]: Configuring for Dist CLIENT
[05Nov.2024 15:11:55.160] [main/DEBUG] [cpw.mods.modlauncher.TransformationServiceDecorator/MODLAUNCHER]: Initialized transformation service fml
[05Nov.2024 15:11:55.160] [main/DEBUG] [cpw.mods.modlauncher.TransformationServicesHandler/MODLAUNCHER]: Transformation services begin scanning
[05Nov.2024 15:11:55.160] [main/DEBUG] [cpw.mods.modlauncher.TransformationServiceDecorator/MODLAUNCHER]: Beginning scan trigger - transformation service mixin
[05Nov.2024 15:11:55.160] [main/DEBUG] [cpw.mods.modlauncher.TransformationServiceDecorator/MODLAUNCHER]: End scan trigger - transformation service mixin
[05Nov.2024 15:11:55.161] [main/DEBUG] [cpw.mods.modlauncher.TransformationServiceDecorator/MODLAUNCHER]: Beginning scan trigger - transformation service fml
[05Nov.2024 15:11:55.161] [main/DEBUG] [net.neoforged.fml.loading.FMLServiceProvider/CORE]: Initiating mod scan
[05Nov.2024 15:11:55.162] [main/DEBUG] [net.neoforged.fml.loading.targets.CommonLaunchHandler/CORE]: Got mod coordinates ExTerra%%/Users/adrian/Documents/Modding/ExTerra/build/resources/main:ExTerra%%/Users/adrian/Documents/Modding/ExTerra/build/classes/java/main from env
[05Nov.2024 15:11:55.162] [main/DEBUG] [net.neoforged.fml.loading.targets.CommonLaunchHandler/CORE]: Found supplied mod coordinates [{ExTerra=[/Users/adrian/Documents/Modding/ExTerra/build/resources/main, /Users/adrian/Documents/Modding/ExTerra/build/classes/java/main]}]
[05Nov.2024 15:11:55.171] [main/DEBUG] [net.neoforged.fml.util.ServiceLoaderUtil/CORE]: Found 4 implementations of IModFileCandidateLocator:
[05Nov.2024 15:11:55.171] [main/DEBUG] [net.neoforged.fml.util.ServiceLoaderUtil/CORE]: 	       0 - [built-in] net.neoforged.fml.loading.moddiscovery.locators.NeoForgeDevProvider from loader-4.0.23.jar
[05Nov.2024 15:11:55.171] [main/DEBUG] [net.neoforged.fml.util.ServiceLoaderUtil/CORE]: 	       0 - net.neoforged.fml.loading.moddiscovery.locators.ModsFolderLocator from loader-4.0.23.jar
[05Nov.2024 15:11:55.171] [main/DEBUG] [net.neoforged.fml.util.ServiceLoaderUtil/CORE]: 	       0 - net.neoforged.fml.loading.moddiscovery.locators.MavenDirectoryLocator from loader-4.0.23.jar
[05Nov.2024 15:11:55.171] [main/DEBUG] [net.neoforged.fml.util.ServiceLoaderUtil/CORE]: 	   -1000 - [built-in] net.neoforged.fml.loading.moddiscovery.locators.UserdevLocator from loader-4.0.23.jar
[05Nov.2024 15:11:55.172] [main/DEBUG] [net.neoforged.fml.util.ServiceLoaderUtil/CORE]: Found 2 implementations of IModFileReader:
[05Nov.2024 15:11:55.172] [main/DEBUG] [net.neoforged.fml.util.ServiceLoaderUtil/CORE]: 	       0 - net.neoforged.fml.loading.moddiscovery.readers.JarModsDotTomlModFileReader from loader-4.0.23.jar
[05Nov.2024 15:11:55.172] [main/DEBUG] [net.neoforged.fml.util.ServiceLoaderUtil/CORE]: 	   -1000 - net.neoforged.fml.loading.moddiscovery.readers.NestedLibraryModReader from loader-4.0.23.jar
[05Nov.2024 15:11:55.173] [main/DEBUG] [net.neoforged.fml.util.ServiceLoaderUtil/CORE]: Found 1 implementations of IDependencyLocator:
[05Nov.2024 15:11:55.173] [main/DEBUG] [net.neoforged.fml.util.ServiceLoaderUtil/CORE]: 	       0 - net.neoforged.fml.loading.moddiscovery.locators.JarInJarDependencyLocator from loader-4.0.23.jar
[05Nov.2024 15:11:55.173] [main/DEBUG] [net.neoforged.fml.loading.moddiscovery.ModDiscoverer/SCAN]: Scanning for mods and other resources to load. We know 4 ways to find mods
[05Nov.2024 15:11:55.173] [main/DEBUG] [net.neoforged.fml.loading.moddiscovery.ModDiscoverer/SCAN]: Trying locator neoforge devenv provider ([/Users/adrian/Documents/Modding/ExTerra/.gradle/repositories/ng_dummy_ng/net/neoforged/neoforge/21.0.167/neoforge-21.0.167.jar])
[05Nov.2024 15:11:55.286] [main/DEBUG] [net.neoforged.fml.loading.moddiscovery.ModFileInfo/LOADING]: Found valid mod file neoforge-21.0.167.jar with {minecraft} mods - versions {1.21}
[05Nov.2024 15:11:55.286] [main/INFO] [net.neoforged.fml.loading.moddiscovery.ModDiscoverer/SCAN]: Found mod file "neoforge-21.0.167.jar" [locator: neoforge devenv provider ([/Users/adrian/Documents/Modding/ExTerra/.gradle/repositories/ng_dummy_ng/net/neoforged/neoforge/21.0.167/neoforge-21.0.167.jar])]
[05Nov.2024 15:11:55.290] [main/DEBUG] [net.neoforged.fml.loading.moddiscovery.readers.JarModsDotTomlModFileReader/SCAN]: Found META-INF/neoforge.mods.toml mod of type null: /Users/adrian/Documents/Modding/ExTerra/.gradle/repositories/ng_dummy_ng/net/neoforged/neoforge/21.0.167/neoforge-21.0.167.jar
[05Nov.2024 15:11:55.290] [main/DEBUG] [net.neoforged.fml.loading.moddiscovery.ModFileParser/LOADING]: Considering mod file candidate /Users/adrian/Documents/Modding/ExTerra/.gradle/repositories/ng_dummy_ng/net/neoforged/neoforge/21.0.167/neoforge-21.0.167.jar
[05Nov.2024 15:11:55.296] [main/DEBUG] [net.neoforged.fml.loading.moddiscovery.ModFileInfo/LOADING]: Found valid mod file neoforge-21.0.167.jar with {neoforge} mods - versions {21.0.167}
[05Nov.2024 15:11:55.296] [main/INFO] [net.neoforged.fml.loading.moddiscovery.ModDiscoverer/SCAN]: Found mod file "neoforge-21.0.167.jar" [locator: neoforge devenv provider ([/Users/adrian/Documents/Modding/ExTerra/.gradle/repositories/ng_dummy_ng/net/neoforged/neoforge/21.0.167/neoforge-21.0.167.jar])]
[05Nov.2024 15:11:55.296] [main/DEBUG] [net.neoforged.fml.loading.moddiscovery.ModDiscoverer/SCAN]: Locator neoforge devenv provider ([/Users/adrian/Documents/Modding/ExTerra/.gradle/repositories/ng_dummy_ng/net/neoforged/neoforge/21.0.167/neoforge-21.0.167.jar]) found 2 mods, 0 warnings, 0 errors and skipped 0 candidates
[05Nov.2024 15:11:55.296] [main/DEBUG] [net.neoforged.fml.loading.moddiscovery.ModDiscoverer/SCAN]: Trying locator {mods folder locator at /Users/adrian/Documents/Modding/ExTerra/runs/data/mods}
[05Nov.2024 15:11:55.296] [main/DEBUG] [net.neoforged.fml.loading.moddiscovery.locators.ModsFolderLocator/SCAN]: Scanning mods dir /Users/adrian/Documents/Modding/ExTerra/runs/data/mods for mods
[05Nov.2024 15:11:55.297] [main/DEBUG] [net.neoforged.fml.loading.moddiscovery.ModDiscoverer/SCAN]: Locator {mods folder locator at /Users/adrian/Documents/Modding/ExTerra/runs/data/mods} found 0 mods, 0 warnings, 0 errors and skipped 0 candidates
[05Nov.2024 15:11:55.297] [main/DEBUG] [net.neoforged.fml.loading.moddiscovery.ModDiscoverer/SCAN]: Trying locator maven libs
[05Nov.2024 15:11:55.298] [main/DEBUG] [net.neoforged.fml.loading.moddiscovery.ModListHandler/CORE]: Found mod coordinates from lists: []
[05Nov.2024 15:11:55.298] [main/DEBUG] [net.neoforged.fml.loading.moddiscovery.ModDiscoverer/SCAN]: Locator maven libs found 0 mods, 0 warnings, 0 errors and skipped 0 candidates
[05Nov.2024 15:11:55.298] [main/DEBUG] [net.neoforged.fml.loading.moddiscovery.ModDiscoverer/SCAN]: Trying locator userdev mods and services
[05Nov.2024 15:11:55.299] [main/DEBUG] [net.neoforged.fml.loading.moddiscovery.readers.JarModsDotTomlModFileReader/SCAN]: Found META-INF/neoforge.mods.toml mod of type null: /Users/adrian/Documents/Modding/ExTerra/build/resources/main
[05Nov.2024 15:11:55.299] [main/DEBUG] [net.neoforged.fml.loading.moddiscovery.ModFileParser/LOADING]: Considering mod file candidate /Users/adrian/Documents/Modding/ExTerra/build/resources/main
[05Nov.2024 15:11:55.302] [main/DEBUG] [net.neoforged.fml.loading.moddiscovery.ModFileInfo/LOADING]: Found valid mod file main with {exterra} mods - versions {1.0.0}
[05Nov.2024 15:11:55.302] [main/INFO] [net.neoforged.fml.loading.moddiscovery.ModDiscoverer/SCAN]: Found mod file "main" [locator: userdev mods and services, reader: mod manifest]
[05Nov.2024 15:11:55.308] [main/DEBUG] [net.neoforged.fml.loading.moddiscovery.readers.JarModsDotTomlModFileReader/SCAN]: Found META-INF/neoforge.mods.toml mod of type null: /Users/adrian/Documents/Modding/ExTerra/.gradle/repositories/ng_dummy_ng/net/neoforged/neoforge/21.0.167/neoforge-21.0.167.jar
[05Nov.2024 15:11:55.308] [main/DEBUG] [net.neoforged.fml.loading.moddiscovery.ModFileParser/LOADING]: Considering mod file candidate /Users/adrian/Documents/Modding/ExTerra/.gradle/repositories/ng_dummy_ng/net/neoforged/neoforge/21.0.167/neoforge-21.0.167.jar
[05Nov.2024 15:11:55.309] [main/DEBUG] [net.neoforged.fml.loading.moddiscovery.ModFileInfo/LOADING]: Found valid mod file neoforge-21.0.167.jar with {neoforge} mods - versions {21.0.167}
[05Nov.2024 15:11:55.309] [main/INFO] [net.neoforged.fml.loading.moddiscovery.ModDiscoverer/SCAN]: Found mod file "neoforge-21.0.167.jar" [locator: userdev mods and services, reader: mod manifest]
[05Nov.2024 15:11:55.311] [main/DEBUG] [net.neoforged.fml.loading.moddiscovery.ModDiscoverer/]: Skipping /Users/adrian/.gradle/caches/modules-2/files-2.1/net.neoforged.fancymodloader/earlydisplay/4.0.23/c9491ed7df998cf229eae9c7364ee9ab6f26bcfe/earlydisplay-4.0.23.jar because it was already located earlier
[05Nov.2024 15:11:55.311] [main/DEBUG] [net.neoforged.fml.loading.moddiscovery.ModDiscoverer/]: Skipping /Users/adrian/.gradle/caches/modules-2/files-2.1/net.neoforged.fancymodloader/loader/4.0.23/1603ac9e724a9bf4e3d4ae2631da629e4755111d/loader-4.0.23.jar because it was already located earlier
[05Nov.2024 15:11:55.311] [main/DEBUG] [net.neoforged.fml.loading.moddiscovery.ModDiscoverer/]: Skipping /Users/adrian/.gradle/caches/modules-2/files-2.1/net.neoforged/coremods/7.0.3/9147e6f638b4272b3bd5fc8f92ad37802512c6c/coremods-7.0.3.jar because it was already located earlier
[05Nov.2024 15:11:55.311] [main/DEBUG] [net.neoforged.fml.loading.moddiscovery.ModDiscoverer/]: Skipping /Users/adrian/.gradle/caches/modules-2/files-2.1/cpw.mods/modlauncher/11.0.4/6619d4812a3c092310d521ebc4c9503727563df7/modlauncher-11.0.4.jar because it was already located earlier
[05Nov.2024 15:11:55.311] [main/DEBUG] [net.neoforged.fml.loading.moddiscovery.ModDiscoverer/]: Skipping /Users/adrian/.gradle/caches/modules-2/files-2.1/net.neoforged.accesstransformers/at-modlauncher/10.0.1/5aba50202aceead086bc09fbc2751c9f05cb4890/at-modlauncher-10.0.1.jar because it was already located earlier
[05Nov.2024 15:11:55.311] [main/DEBUG] [net.neoforged.fml.loading.moddiscovery.ModDiscoverer/]: Skipping /Users/adrian/.gradle/caches/modules-2/files-2.1/net.neoforged/accesstransformers/10.0.1/fd83b5725f76eae9115e9355fa1c456a6a441400/accesstransformers-10.0.1.jar because it was already located earlier
[05Nov.2024 15:11:55.311] [main/DEBUG] [net.neoforged.fml.loading.moddiscovery.ModDiscoverer/]: Skipping /Users/adrian/.gradle/caches/modules-2/files-2.1/org.openjdk.nashorn/nashorn-core/15.4/f67f5ffaa5f5130cf6fb9b133da00c7df3b532a5/nashorn-core-15.4.jar because it was already located earlier
[05Nov.2024 15:11:55.311] [main/DEBUG] [net.neoforged.fml.loading.moddiscovery.ModDiscoverer/]: Skipping /Users/adrian/.gradle/caches/modules-2/files-2.1/net.neoforged/mergetool/2.0.3/1275202cbbb248f49345cf6787ce299afd9a02fb/mergetool-2.0.3-api.jar because it was already located earlier
[05Nov.2024 15:11:55.311] [main/DEBUG] [net.neoforged.fml.loading.moddiscovery.ModDiscoverer/]: Skipping /Users/adrian/.gradle/caches/modules-2/files-2.1/net.neoforged/bus/8.0.1/9df0ed904cec279eb33ca6df420f6f82706ebb4c/bus-8.0.1.jar because it was already located earlier
[05Nov.2024 15:11:55.311] [main/DEBUG] [net.neoforged.fml.loading.moddiscovery.ModDiscoverer/]: Skipping /Users/adrian/.gradle/caches/modules-2/files-2.1/com.electronwill.night-config/toml/3.8.0/861dbcf2757dd6701c98b3949198549ccb5f62ff/toml-3.8.0.jar because it was already located earlier
[05Nov.2024 15:11:55.311] [main/DEBUG] [net.neoforged.fml.loading.moddiscovery.ModDiscoverer/]: Skipping /Users/adrian/.gradle/caches/modules-2/files-2.1/com.electronwill.night-config/core/3.8.0/2498dd2b3120dd49e963e2feab8fa5d0c5f80e0a/core-3.8.0.jar because it was already located earlier
[05Nov.2024 15:11:55.311] [main/DEBUG] [net.neoforged.fml.loading.moddiscovery.ModDiscoverer/]: Skipping /Users/adrian/.gradle/caches/modules-2/files-2.1/net.neoforged/JarJarSelector/0.4.1/fb3cc7a58af22ad2880adb98af6d518128c47dae/JarJarSelector-0.4.1.jar because it was already located earlier
[05Nov.2024 15:11:55.311] [main/DEBUG] [net.neoforged.fml.loading.moddiscovery.ModDiscoverer/]: Skipping /Users/adrian/.gradle/caches/modules-2/files-2.1/net.neoforged/JarJarMetadata/0.4.1/f8da03683dc81694556dc3e177c5e3bb77ae6fcb/JarJarMetadata-0.4.1.jar because it was already located earlier
[05Nov.2024 15:11:55.311] [main/DEBUG] [net.neoforged.fml.loading.moddiscovery.ModDiscoverer/]: Skipping /Users/adrian/.gradle/caches/modules-2/files-2.1/org.apache.maven/maven-artifact/3.8.5/4433f50c07debefaed0553bd0068f4f48d449313/maven-artifact-3.8.5.jar because it was already located earlier
[05Nov.2024 15:11:55.311] [main/DEBUG] [net.neoforged.fml.loading.moddiscovery.ModDiscoverer/]: Skipping /Users/adrian/.gradle/caches/modules-2/files-2.1/net.jodah/typetools/0.6.3/a01aaa6ddaea9ec07ec4f209487b7a46a526283a/typetools-0.6.3.jar because it was already located earlier
[05Nov.2024 15:11:55.312] [main/DEBUG] [net.neoforged.fml.loading.moddiscovery.ModDiscoverer/]: Skipping /Users/adrian/.gradle/caches/modules-2/files-2.1/net.minecrell/terminalconsoleappender/1.3.0/b562e9bb61235c9520e26282cdee71f8f802d1fc/terminalconsoleappender-1.3.0.jar because it was already located earlier
[05Nov.2024 15:11:55.312] [main/DEBUG] [net.neoforged.fml.loading.moddiscovery.ModDiscoverer/]: Skipping /Users/adrian/.gradle/caches/modules-2/files-2.1/net.fabricmc/sponge-mixin/0.14.0+mixin.0.8.6/c265173c84346e9e5d42a2384b2b02bd39a4a899/sponge-mixin-0.14.0+mixin.0.8.6.jar because it was already located earlier
[05Nov.2024 15:11:55.312] [main/DEBUG] [net.neoforged.fml.loading.moddiscovery.ModDiscoverer/]: Skipping /Users/adrian/.gradle/caches/modules-2/files-2.1/com.mojang/authlib/6.0.54/de8bc95660e1b2fe8793fd427a7a10dcec5b3ea7/authlib-6.0.54.jar because it was already located earlier
[05Nov.2024 15:11:55.312] [main/DEBUG] [net.neoforged.fml.loading.moddiscovery.ModDiscoverer/]: Skipping /Users/adrian/.gradle/caches/modules-2/files-2.1/org.apache.commons/commons-compress/1.26.0/659feffdd12280201c8aacb8f7be94f9a883c824/commons-compress-1.26.0.jar because it was already located earlier
[05Nov.2024 15:11:55.312] [main/DEBUG] [net.neoforged.fml.loading.moddiscovery.ModDiscoverer/]: Skipping /Users/adrian/.gradle/caches/modules-2/files-2.1/org.apache.commons/commons-lang3/3.14.0/1ed471194b02f2c6cb734a0cd6f6f107c673afae/commons-lang3-3.14.0.jar because it was already located earlier
[05Nov.2024 15:11:55.312] [main/DEBUG] [net.neoforged.fml.loading.moddiscovery.ModDiscoverer/]: Skipping /Users/adrian/.gradle/caches/modules-2/files-2.1/com.mojang/logging/1.2.7/24cb95ffb0e3433fd6e844c04e68009e504ca1c0/logging-1.2.7.jar because it was already located earlier
[05Nov.2024 15:11:55.312] [main/DEBUG] [net.neoforged.fml.loading.moddiscovery.ModDiscoverer/]: Skipping /Users/adrian/.gradle/caches/modules-2/files-2.1/org.apache.logging.log4j/log4j-slf4j2-impl/2.22.1/d7e6693c2606cb7e7335047d7bb96dec52db5665/log4j-slf4j2-impl-2.22.1.jar because it was already located earlier
[05Nov.2024 15:11:55.312] [main/DEBUG] [net.neoforged.fml.loading.moddiscovery.ModDiscoverer/]: Skipping /Users/adrian/.gradle/caches/modules-2/files-2.1/org.apache.logging.log4j/log4j-core/2.22.1/7183a25510a02ad00cc6a95d3b3d2a7d3c5a8dc4/log4j-core-2.22.1.jar because it was already located earlier
[05Nov.2024 15:11:55.312] [main/DEBUG] [net.neoforged.fml.loading.moddiscovery.ModDiscoverer/]: Skipping /Users/adrian/.gradle/caches/modules-2/files-2.1/org.apache.logging.log4j/log4j-api/2.22.1/bea6fede6328fabafd7e68363161a7ea6605abd1/log4j-api-2.22.1.jar because it was already located earlier
[05Nov.2024 15:11:55.312] [main/DEBUG] [net.neoforged.fml.loading.moddiscovery.readers.JarModsDotTomlModFileReader/SCAN]: Found META-INF/MANIFEST.MF mod of type GAMELIBRARY: /Users/adrian/.gradle/caches/modules-2/files-2.1/io.github.llamalad7/mixinextras-neoforge/0.3.5/ef3ffcf309dae656517b2f120189b1c9b21737dd/mixinextras-neoforge-0.3.5.jar
[05Nov.2024 15:11:55.313] [main/INFO] [net.neoforged.fml.loading.moddiscovery.ModDiscoverer/SCAN]: Found gamelibrary file "mixinextras-neoforge-0.3.5.jar" [locator: userdev mods and services, reader: mod manifest]
[05Nov.2024 15:11:55.313] [main/DEBUG] [net.neoforged.fml.loading.moddiscovery.ModDiscoverer/]: Skipping /Users/adrian/.gradle/caches/modules-2/files-2.1/com.github.oshi/oshi-core/6.4.10/b1d8ab82d11d92fd639b56d639f8f46f739dd5fa/oshi-core-6.4.10.jar because it was already located earlier
[05Nov.2024 15:11:55.313] [main/DEBUG] [net.neoforged.fml.loading.moddiscovery.ModDiscoverer/]: Skipping /Users/adrian/.gradle/caches/modules-2/files-2.1/com.mojang/datafixerupper/8.0.16/67d4de6d7f95d89bcf5862995fb854ebaec02a34/datafixerupper-8.0.16.jar because it was already located earlier
[05Nov.2024 15:11:55.313] [main/DEBUG] [net.neoforged.fml.loading.moddiscovery.ModDiscoverer/]: Skipping /Users/adrian/.gradle/caches/modules-2/files-2.1/com.mojang/text2speech/1.17.9/3cad216e3a7f0c19b4b394388bc9ffc446f13b14/text2speech-1.17.9.jar because it was already located earlier
[05Nov.2024 15:11:55.313] [main/DEBUG] [net.neoforged.fml.loading.moddiscovery.ModDiscoverer/]: Skipping /Users/adrian/.gradle/caches/modules-2/files-2.1/org.slf4j/slf4j-api/2.0.9/7cf2726fdcfbc8610f9a71fb3ed639871f315340/slf4j-api-2.0.9.jar because it was already located earlier
[05Nov.2024 15:11:55.313] [main/DEBUG] [net.neoforged.fml.loading.moddiscovery.ModDiscoverer/]: Skipping /Users/adrian/.gradle/caches/modules-2/files-2.1/com.google.code.gson/gson/2.10.1/b3add478d4382b78ea20b1671390a858002feb6c/gson-2.10.1.jar because it was already located earlier
[05Nov.2024 15:11:55.313] [main/DEBUG] [net.neoforged.fml.loading.moddiscovery.ModDiscoverer/]: Skipping /Users/adrian/.gradle/caches/modules-2/files-2.1/com.mojang/patchy/2.2.10/da05971b07cbb379d002cf7eaec6a2048211fefc/patchy-2.2.10.jar because it was already located earlier
[05Nov.2024 15:11:55.313] [main/DEBUG] [net.neoforged.fml.loading.moddiscovery.ModDiscoverer/]: Skipping /Users/adrian/.gradle/caches/modules-2/files-2.1/com.google.guava/guava/32.1.2-jre/5e64ec7e056456bef3a4bc4c6fdaef71e8ab6318/guava-32.1.2-jre.jar because it was already located earlier
[05Nov.2024 15:11:55.313] [main/DEBUG] [net.neoforged.fml.loading.moddiscovery.ModDiscoverer/]: Skipping /Users/adrian/.gradle/caches/modules-2/files-2.1/com.google.guava/failureaccess/1.0.1/1dcf1de382a0bf95a3d8b0849546c88bac1292c9/failureaccess-1.0.1.jar because it was already located earlier
[05Nov.2024 15:11:55.313] [main/DEBUG] [net.neoforged.fml.loading.moddiscovery.ModDiscoverer/]: Skipping /Users/adrian/.gradle/caches/modules-2/files-2.1/com.google.guava/listenablefuture/9999.0-empty-to-avoid-conflict-with-guava/b421526c5f297295adef1c886e5246c39d4ac629/listenablefuture-9999.0-empty-to-avoid-conflict-with-guava.jar because it was already located earlier
[05Nov.2024 15:11:55.313] [main/DEBUG] [net.neoforged.fml.loading.moddiscovery.ModDiscoverer/]: Skipping /Users/adrian/.gradle/caches/modules-2/files-2.1/com.google.code.findbugs/jsr305/3.0.2/25ea2e8b0c338a877313bd4672d3fe056ea78f0d/jsr305-3.0.2.jar because it was already located earlier
[05Nov.2024 15:11:55.313] [main/DEBUG] [net.neoforged.fml.loading.moddiscovery.ModDiscoverer/]: Skipping /Users/adrian/.gradle/caches/modules-2/files-2.1/org.checkerframework/checker-qual/3.33.0/de2b60b62da487644fc11f734e73c8b0b431238f/checker-qual-3.33.0.jar because it was already located earlier
[05Nov.2024 15:11:55.313] [main/DEBUG] [net.neoforged.fml.loading.moddiscovery.ModDiscoverer/]: Skipping /Users/adrian/.gradle/caches/modules-2/files-2.1/com.google.errorprone/error_prone_annotations/2.18.0/89b684257096f548fa39a7df9fdaa409d4d4df91/error_prone_annotations-2.18.0.jar because it was already located earlier
[05Nov.2024 15:11:55.313] [main/DEBUG] [net.neoforged.fml.loading.moddiscovery.ModDiscoverer/]: Skipping /Users/adrian/.gradle/caches/modules-2/files-2.1/com.google.j2objc/j2objc-annotations/2.8/c85270e307e7b822f1086b93689124b89768e273/j2objc-annotations-2.8.jar because it was already located earlier
[05Nov.2024 15:11:55.314] [main/DEBUG] [net.neoforged.fml.loading.moddiscovery.ModDiscoverer/]: Skipping /Users/adrian/.gradle/caches/modules-2/files-2.1/commons-io/commons-io/2.15.1/f11560da189ab563a5c8e351941415430e9304ea/commons-io-2.15.1.jar because it was already located earlier
[05Nov.2024 15:11:55.314] [main/DEBUG] [net.neoforged.fml.loading.moddiscovery.ModDiscoverer/]: Skipping /Users/adrian/.gradle/caches/modules-2/files-2.1/net.sf.jopt-simple/jopt-simple/5.0.4/4fdac2fbe92dfad86aa6e9301736f6b4342a3f5c/jopt-simple-5.0.4.jar because it was already located earlier
[05Nov.2024 15:11:55.314] [main/DEBUG] [net.neoforged.fml.loading.moddiscovery.ModDiscoverer/]: Skipping /Users/adrian/.gradle/caches/modules-2/files-2.1/net.minecraftforge/srgutils/0.4.15/ca408b131759478f164e010fae0d73997e125fb5/srgutils-0.4.15.jar because it was already located earlier
[05Nov.2024 15:11:55.314] [main/DEBUG] [net.neoforged.fml.loading.moddiscovery.ModDiscoverer/]: Skipping /Users/adrian/.gradle/caches/modules-2/files-2.1/org.antlr/antlr4-runtime/4.13.1/17125bae1d965624e265ef49552f6465a2bfa307/antlr4-runtime-4.13.1.jar because it was already located earlier
[05Nov.2024 15:11:55.314] [main/DEBUG] [net.neoforged.fml.loading.moddiscovery.ModDiscoverer/]: Skipping /Users/adrian/.gradle/caches/modules-2/files-2.1/org.jline/jline-reader/3.20.0/8f15415b022a25b473e8e16c28ae913186ffb9c4/jline-reader-3.20.0.jar because it was already located earlier
[05Nov.2024 15:11:55.314] [main/DEBUG] [net.neoforged.fml.loading.moddiscovery.ModDiscoverer/]: Skipping /Users/adrian/.gradle/caches/modules-2/files-2.1/org.jline/jline-terminal/3.20.0/d0ddcc708ddf527a3454c941b7b9225cc83a15ff/jline-terminal-3.20.0.jar because it was already located earlier
[05Nov.2024 15:11:55.314] [main/DEBUG] [net.neoforged.fml.loading.moddiscovery.ModDiscoverer/]: Skipping /Users/adrian/.gradle/caches/modules-2/files-2.1/org.codehaus.plexus/plexus-utils/3.3.0/cf43b5391de623b36fe066a21127baef82c64022/plexus-utils-3.3.0.jar because it was already located earlier
[05Nov.2024 15:11:55.314] [main/DEBUG] [net.neoforged.fml.loading.moddiscovery.ModDiscoverer/]: Skipping /Users/adrian/.gradle/caches/modules-2/files-2.1/com.machinezoo.noexception/noexception/1.7.1/b65330c98e38a1f915fa54a6e5eca496505e3f0a/noexception-1.7.1.jar because it was already located earlier
[05Nov.2024 15:11:55.314] [main/DEBUG] [net.neoforged.fml.loading.moddiscovery.ModDiscoverer/]: Skipping /Users/adrian/Documents/Modding/ExTerra/.gradle/repositories/ng_dummy_ng/net/minecraft/client/1.21/client-1.21-client-extra.jar because it was already located earlier
[05Nov.2024 15:11:55.314] [main/DEBUG] [net.neoforged.fml.loading.moddiscovery.ModDiscoverer/]: Skipping /Users/adrian/.gradle/caches/modules-2/files-2.1/ca.weblite/java-objc-bridge/1.1/1227f9e0666314f9de41477e3ec277e542ed7f7b/java-objc-bridge-1.1.jar because it was already located earlier
[05Nov.2024 15:11:55.314] [main/DEBUG] [net.neoforged.fml.loading.moddiscovery.ModDiscoverer/]: Skipping /Users/adrian/.gradle/caches/modules-2/files-2.1/com.ibm.icu/icu4j/73.2/61ad4ef7f9131fcf6d25c34b817f90d6da06c9e9/icu4j-73.2.jar because it was already located earlier
[05Nov.2024 15:11:55.314] [main/DEBUG] [net.neoforged.fml.loading.moddiscovery.ModDiscoverer/]: Skipping /Users/adrian/.gradle/caches/modules-2/files-2.1/com.mojang/blocklist/1.0.10/5c685c5ffa94c4cd39496c7184c1d122e515ecef/blocklist-1.0.10.jar because it was already located earlier
[05Nov.2024 15:11:55.314] [main/DEBUG] [net.neoforged.fml.loading.moddiscovery.ModDiscoverer/]: Skipping /Users/adrian/.gradle/caches/modules-2/files-2.1/com.mojang/brigadier/1.2.9/73e324f2ee541493a5179abf367237faa782ed21/brigadier-1.2.9.jar because it was already located earlier
[05Nov.2024 15:11:55.314] [main/DEBUG] [net.neoforged.fml.loading.moddiscovery.ModDiscoverer/]: Skipping /Users/adrian/.gradle/caches/modules-2/files-2.1/org.apache.httpcomponents/httpclient/4.5.13/e5f6cae5ca7ecaac1ec2827a9e2d65ae2869cada/httpclient-4.5.13.jar because it was already located earlier
[05Nov.2024 15:11:55.314] [main/DEBUG] [net.neoforged.fml.loading.moddiscovery.ModDiscoverer/]: Skipping /Users/adrian/.gradle/caches/modules-2/files-2.1/commons-codec/commons-codec/1.16.0/4e3eb3d79888d76b54e28b350915b5dc3919c9de/commons-codec-1.16.0.jar because it was already located earlier
[05Nov.2024 15:11:55.314] [main/DEBUG] [net.neoforged.fml.loading.moddiscovery.ModDiscoverer/]: Skipping /Users/adrian/.gradle/caches/modules-2/files-2.1/commons-logging/commons-logging/1.2/4bfc12adfe4842bf07b657f0369c4cb522955686/commons-logging-1.2.jar because it was already located earlier
[05Nov.2024 15:11:55.314] [main/DEBUG] [net.neoforged.fml.loading.moddiscovery.ModDiscoverer/]: Skipping /Users/adrian/.gradle/caches/modules-2/files-2.1/io.netty/netty-handler/4.1.97.Final/abb86c6906bf512bf2b797a41cd7d2e8d3cd7c36/netty-handler-4.1.97.Final.jar because it was already located earlier
[05Nov.2024 15:11:55.314] [main/DEBUG] [net.neoforged.fml.loading.moddiscovery.ModDiscoverer/]: Skipping /Users/adrian/.gradle/caches/modules-2/files-2.1/io.netty/netty-codec/4.1.97.Final/384ba4d75670befbedb45c4d3b497a93639c206d/netty-codec-4.1.97.Final.jar because it was already located earlier
[05Nov.2024 15:11:55.314] [main/DEBUG] [net.neoforged.fml.loading.moddiscovery.ModDiscoverer/]: Skipping /Users/adrian/.gradle/caches/modules-2/files-2.1/io.netty/netty-transport-classes-epoll/4.1.97.Final/795da37ded759e862457a82d9d92c4d39ce8ecee/netty-transport-classes-epoll-4.1.97.Final.jar because it was already located earlier
[05Nov.2024 15:11:55.314] [main/DEBUG] [net.neoforged.fml.loading.moddiscovery.ModDiscoverer/]: Skipping /Users/adrian/.gradle/caches/modules-2/files-2.1/io.netty/netty-transport-native-unix-common/4.1.97.Final/d469d84265ab70095b01b40886cabdd433b6e664/netty-transport-native-unix-common-4.1.97.Final.jar because it was already located earlier
[05Nov.2024 15:11:55.314] [main/DEBUG] [net.neoforged.fml.loading.moddiscovery.ModDiscoverer/]: Skipping /Users/adrian/.gradle/caches/modules-2/files-2.1/io.netty/netty-transport/4.1.97.Final/f37380d23c9bb079bc702910833b2fd532c9abd0/netty-transport-4.1.97.Final.jar because it was already located earlier
[05Nov.2024 15:11:55.314] [main/DEBUG] [net.neoforged.fml.loading.moddiscovery.ModDiscoverer/]: Skipping /Users/adrian/.gradle/caches/modules-2/files-2.1/io.netty/netty-buffer/4.1.97.Final/f8f3d8644afa5e6e1a40a3a6aeb9d9aa970ecb4f/netty-buffer-4.1.97.Final.jar because it was already located earlier
[05Nov.2024 15:11:55.315] [main/DEBUG] [net.neoforged.fml.loading.moddiscovery.ModDiscoverer/]: Skipping /Users/adrian/.gradle/caches/modules-2/files-2.1/io.netty/netty-resolver/4.1.97.Final/cec8348108dc76c47cf87c669d514be52c922144/netty-resolver-4.1.97.Final.jar because it was already located earlier
[05Nov.2024 15:11:55.315] [main/DEBUG] [net.neoforged.fml.loading.moddiscovery.ModDiscoverer/]: Skipping /Users/adrian/.gradle/caches/modules-2/files-2.1/io.netty/netty-common/4.1.97.Final/7cceacaf11df8dc63f23d0fb58e9d4640fc88404/netty-common-4.1.97.Final.jar because it was already located earlier
[05Nov.2024 15:11:55.315] [main/DEBUG] [net.neoforged.fml.loading.moddiscovery.ModDiscoverer/]: Skipping /Users/adrian/.gradle/caches/modules-2/files-2.1/it.unimi.dsi/fastutil/8.5.12/c24946d46824bd528054bface3231d2ecb7e95e8/fastutil-8.5.12.jar because it was already located earlier
[05Nov.2024 15:11:55.315] [main/DEBUG] [net.neoforged.fml.loading.moddiscovery.ModDiscoverer/]: Skipping /Users/adrian/.gradle/caches/modules-2/files-2.1/net.java.dev.jna/jna-platform/5.14.0/28934d48aed814f11e4c584da55c49fa7032b31b/jna-platform-5.14.0.jar because it was already located earlier
[05Nov.2024 15:11:55.315] [main/DEBUG] [net.neoforged.fml.loading.moddiscovery.ModDiscoverer/]: Skipping /Users/adrian/.gradle/caches/modules-2/files-2.1/net.java.dev.jna/jna/5.14.0/67bf3eaea4f0718cb376a181a629e5f88fa1c9dd/jna-5.14.0.jar because it was already located earlier
[05Nov.2024 15:11:55.315] [main/DEBUG] [net.neoforged.fml.loading.moddiscovery.ModDiscoverer/]: Skipping /Users/adrian/.gradle/caches/modules-2/files-2.1/org.apache.httpcomponents/httpcore/4.4.16/51cf043c87253c9f58b539c9f7e44c8894223850/httpcore-4.4.16.jar because it was already located earlier
[05Nov.2024 15:11:55.315] [main/DEBUG] [net.neoforged.fml.loading.moddiscovery.ModDiscoverer/]: Skipping /Users/adrian/.gradle/caches/modules-2/files-2.1/org.jcraft/jorbis/0.0.17/8872d22b293e8f5d7d56ff92be966e6dc28ebdc6/jorbis-0.0.17.jar because it was already located earlier
[05Nov.2024 15:11:55.315] [main/DEBUG] [net.neoforged.fml.loading.moddiscovery.ModDiscoverer/]: Skipping /Users/adrian/.gradle/caches/modules-2/files-2.1/org.joml/joml/1.10.5/22566d58af70ad3d72308bab63b8339906deb649/joml-1.10.5.jar because it was already located earlier
[05Nov.2024 15:11:55.315] [main/DEBUG] [net.neoforged.fml.loading.moddiscovery.ModDiscoverer/]: Skipping /Users/adrian/.gradle/caches/modules-2/files-2.1/org.lwjgl/lwjgl-freetype/3.3.3/a0db6c84a8becc8ca05f9dbfa985edc348a824c7/lwjgl-freetype-3.3.3.jar because it was already located earlier
[05Nov.2024 15:11:55.315] [main/DEBUG] [net.neoforged.fml.loading.moddiscovery.ModDiscoverer/]: Skipping /Users/adrian/.gradle/caches/modules-2/files-2.1/org.lwjgl/lwjgl-freetype/3.3.3/b0a8c9baa9d1f54ac61e1ab9640c7659e7fa700c/lwjgl-freetype-3.3.3-natives-macos-arm64.jar because it was already located earlier
[05Nov.2024 15:11:55.315] [main/DEBUG] [net.neoforged.fml.loading.moddiscovery.ModDiscoverer/]: Skipping /Users/adrian/.gradle/caches/modules-2/files-2.1/org.lwjgl/lwjgl-freetype/3.3.3/806d869f37ce0df388a24e17aaaf5ca0894d851b/lwjgl-freetype-3.3.3-natives-macos-patch.jar because it was already located earlier
[05Nov.2024 15:11:55.315] [main/DEBUG] [net.neoforged.fml.loading.moddiscovery.ModDiscoverer/]: Skipping /Users/adrian/.gradle/caches/modules-2/files-2.1/org.lwjgl/lwjgl-glfw/3.3.3/efa1eb78c5ccd840e9f329717109b5e892d72f8e/lwjgl-glfw-3.3.3.jar because it was already located earlier
[05Nov.2024 15:11:55.315] [main/DEBUG] [net.neoforged.fml.loading.moddiscovery.ModDiscoverer/]: Skipping /Users/adrian/.gradle/caches/modules-2/files-2.1/org.lwjgl/lwjgl-glfw/3.3.3/a1bf400f6bc64e6195596cb1430dafda46090751/lwjgl-glfw-3.3.3-natives-macos.jar because it was already located earlier
[05Nov.2024 15:11:55.316] [main/DEBUG] [net.neoforged.fml.loading.moddiscovery.ModDiscoverer/]: Skipping /Users/adrian/.gradle/caches/modules-2/files-2.1/org.lwjgl/lwjgl-jemalloc/3.3.3/b543467b7ff3c6920539a88ee602d34098628be5/lwjgl-jemalloc-3.3.3.jar because it was already located earlier
[05Nov.2024 15:11:55.316] [main/DEBUG] [net.neoforged.fml.loading.moddiscovery.ModDiscoverer/]: Skipping /Users/adrian/.gradle/caches/modules-2/files-2.1/org.lwjgl/lwjgl-jemalloc/3.3.3/2906637657a57579847238c9c72d2c4bde7083f8/lwjgl-jemalloc-3.3.3-natives-macos.jar because it was already located earlier
[05Nov.2024 15:11:55.316] [main/DEBUG] [net.neoforged.fml.loading.moddiscovery.ModDiscoverer/]: Skipping /Users/adrian/.gradle/caches/modules-2/files-2.1/org.lwjgl/lwjgl-openal/3.3.3/daada81ceb5fc0c291fbfdd4433cb8d9423577f2/lwjgl-openal-3.3.3.jar because it was already located earlier
[05Nov.2024 15:11:55.316] [main/DEBUG] [net.neoforged.fml.loading.moddiscovery.ModDiscoverer/]: Skipping /Users/adrian/.gradle/caches/modules-2/files-2.1/org.lwjgl/lwjgl-openal/3.3.3/8df8338bfa77f2ebabef4e58964bd04d24805cbf/lwjgl-openal-3.3.3-natives-macos.jar because it was already located earlier
[05Nov.2024 15:11:55.316] [main/DEBUG] [net.neoforged.fml.loading.moddiscovery.ModDiscoverer/]: Skipping /Users/adrian/.gradle/caches/modules-2/files-2.1/org.lwjgl/lwjgl-opengl/3.3.3/2f6b0147078396a58979125a4c947664e98293a/lwjgl-opengl-3.3.3.jar because it was already located earlier
[05Nov.2024 15:11:55.316] [main/DEBUG] [net.neoforged.fml.loading.moddiscovery.ModDiscoverer/]: Skipping /Users/adrian/.gradle/caches/modules-2/files-2.1/org.lwjgl/lwjgl-opengl/3.3.3/1bd45997551ae8a28469f3a2b678f4b7289e12c0/lwjgl-opengl-3.3.3-natives-macos.jar because it was already located earlier
[05Nov.2024 15:11:55.317] [main/DEBUG] [net.neoforged.fml.loading.moddiscovery.ModDiscoverer/]: Skipping /Users/adrian/.gradle/caches/modules-2/files-2.1/org.lwjgl/lwjgl-stb/3.3.3/25dd6161988d7e65f71d5065c99902402ee32746/lwjgl-stb-3.3.3.jar because it was already located earlier
[05Nov.2024 15:11:55.317] [main/DEBUG] [net.neoforged.fml.loading.moddiscovery.ModDiscoverer/]: Skipping /Users/adrian/.gradle/caches/modules-2/files-2.1/org.lwjgl/lwjgl-stb/3.3.3/472792c98fb2c1557c060cb9da5fca6a9773621f/lwjgl-stb-3.3.3-natives-macos.jar because it was already located earlier
[05Nov.2024 15:11:55.317] [main/DEBUG] [net.neoforged.fml.loading.moddiscovery.ModDiscoverer/]: Skipping /Users/adrian/.gradle/caches/modules-2/files-2.1/org.lwjgl/lwjgl-tinyfd/3.3.3/82d755ca94b102e9ca77283b9e2dc46d1b15fbe5/lwjgl-tinyfd-3.3.3.jar because it was already located earlier
[05Nov.2024 15:11:55.317] [main/DEBUG] [net.neoforged.fml.loading.moddiscovery.ModDiscoverer/]: Skipping /Users/adrian/.gradle/caches/modules-2/files-2.1/org.lwjgl/lwjgl-tinyfd/3.3.3/406feedb977372085a61eb0fee358183f4f4c67a/lwjgl-tinyfd-3.3.3-natives-macos-arm64.jar because it was already located earlier
[05Nov.2024 15:11:55.317] [main/DEBUG] [net.neoforged.fml.loading.moddiscovery.ModDiscoverer/]: Skipping /Users/adrian/.gradle/caches/modules-2/files-2.1/org.lwjgl/lwjgl/3.3.3/29589b5f87ed335a6c7e7ee6a5775f81f97ecb84/lwjgl-3.3.3.jar because it was already located earlier
[05Nov.2024 15:11:55.318] [main/DEBUG] [net.neoforged.fml.loading.moddiscovery.ModDiscoverer/]: Skipping /Users/adrian/.gradle/caches/modules-2/files-2.1/org.lwjgl/lwjgl/3.3.3/226246e75f6bd8d4e1895bdce8638ef87808d114/lwjgl-3.3.3-natives-macos-arm64.jar because it was already located earlier
[05Nov.2024 15:11:55.318] [main/DEBUG] [net.neoforged.fml.loading.moddiscovery.ModDiscoverer/]: Skipping /Users/adrian/.gradle/caches/modules-2/files-2.1/org.lz4/lz4-java/1.8.0/4b986a99445e49ea5fbf5d149c4b63f6ed6c6780/lz4-java-1.8.0.jar because it was already located earlier
[05Nov.2024 15:11:55.318] [main/DEBUG] [net.neoforged.fml.loading.moddiscovery.ModDiscoverer/]: Skipping /Users/adrian/.gradle/caches/modules-2/files-2.1/org.jetbrains/annotations/24.1.0/7af6a669488450c4a07c2c3254e2151df42d7d04/annotations-24.1.0.jar because it was already located earlier
[05Nov.2024 15:11:55.318] [main/DEBUG] [net.neoforged.fml.loading.moddiscovery.ModDiscoverer/SCAN]: Locator userdev mods and services found 3 mods, 0 warnings, 0 errors and skipped 86 candidates
[05Nov.2024 15:11:55.319] [main/DEBUG] [net.neoforged.fml.loading.UniqueModListBuilder/]: Found 2 mods for first modid neoforge, selecting most recent based on version data
[05Nov.2024 15:11:55.319] [main/DEBUG] [net.neoforged.fml.loading.UniqueModListBuilder/]: Selected file neoforge-21.0.167.jar for modid neoforge with version 21.0.167
[05Nov.2024 15:11:55.321] [main/DEBUG] [net.neoforged.fml.loading.moddiscovery.ModDiscoverer/SCAN]: Successfully Loaded 4 mods. Attempting to load dependencies...
[05Nov.2024 15:11:55.321] [main/DEBUG] [net.neoforged.fml.loading.moddiscovery.ModDiscoverer/SCAN]: Trying locator jarinjar
[05Nov.2024 15:11:55.323] [main/TRACE] [net.neoforged.fml.loading.moddiscovery.locators.JarInJarDependencyLocator/]: Failed to load resource META-INF/jarjar/metadata.json from main, it does not contain dependency information.
[05Nov.2024 15:11:55.323] [main/TRACE] [net.neoforged.fml.loading.moddiscovery.locators.JarInJarDependencyLocator/]: Failed to load resource META-INF/jarjar/metadata.json from neoforge-21.0.167.jar, it does not contain dependency information.
[05Nov.2024 15:11:55.323] [main/TRACE] [net.neoforged.fml.loading.moddiscovery.locators.JarInJarDependencyLocator/]: Failed to load resource META-INF/jarjar/metadata.json from mixinextras-neoforge-0.3.5.jar, it does not contain dependency information.
[05Nov.2024 15:11:55.354] [main/DEBUG] [net.neoforged.fml.loading.moddiscovery.readers.JarModsDotTomlModFileReader/SCAN]: Found META-INF/MANIFEST.MF mod of type GAMELIBRARY: 
[05Nov.2024 15:11:55.355] [main/TRACE] [net.neoforged.fml.loading.moddiscovery.locators.JarInJarDependencyLocator/]: Failed to load resource META-INF/jarjar/metadata.json from mixinextras-neoforge-0.3.5.jar, it does not contain dependency information.
[05Nov.2024 15:11:55.368] [main/DEBUG] [net.neoforged.fml.loading.moddiscovery.readers.JarModsDotTomlModFileReader/SCAN]: Found META-INF/MANIFEST.MF mod of type GAMELIBRARY: 
[05Nov.2024 15:11:55.369] [main/WARN] [net.neoforged.jarjar.selection.JarSelector/]: Attempted to select a dependency jar for JarJar which was passed in as source: mixinextras-neoforge-0.3.5.jar. Using Mod File: /Users/adrian/.gradle/caches/modules-2/files-2.1/io.github.llamalad7/mixinextras-neoforge/0.3.5/ef3ffcf309dae656517b2f120189b1c9b21737dd/mixinextras-neoforge-0.3.5.jar
[05Nov.2024 15:11:55.369] [main/INFO] [net.neoforged.fml.loading.moddiscovery.locators.JarInJarDependencyLocator/]: No dependencies to load found. Skipping!
[05Nov.2024 15:11:55.369] [main/DEBUG] [net.neoforged.fml.loading.moddiscovery.ModFileInfo/LOADING]: Found valid mod file neoforge-21.0.167.jar with {minecraft} mods - versions {1.21}
[05Nov.2024 15:11:55.371] [main/DEBUG] [net.neoforged.fml.loading.moddiscovery.ModFile/LOADING]: Loading mod file /Users/adrian/Documents/Modding/ExTerra/.gradle/repositories/ng_dummy_ng/net/neoforged/neoforge/21.0.167/neoforge-21.0.167.jar with languages [LanguageSpec[languageName=minecraft, acceptedVersions=1]]
[05Nov.2024 15:11:55.371] [main/DEBUG] [net.neoforged.fml.loading.moddiscovery.ModFileParser/LOADING]: Considering mod file candidate /Users/adrian/Documents/Modding/ExTerra/build/resources/main
[05Nov.2024 15:11:55.372] [main/DEBUG] [net.neoforged.fml.loading.moddiscovery.ModFileInfo/LOADING]: Found valid mod file main with {exterra} mods - versions {1.0.0}
[05Nov.2024 15:11:55.373] [main/DEBUG] [net.neoforged.fml.loading.moddiscovery.ModFile/LOADING]: Loading mod file /Users/adrian/Documents/Modding/ExTerra/build/resources/main with languages [LanguageSpec[languageName=javafml, acceptedVersions=[4,)]]
[05Nov.2024 15:11:55.373] [main/DEBUG] [net.neoforged.fml.loading.moddiscovery.ModFileParser/LOADING]: Considering mod file candidate /Users/adrian/Documents/Modding/ExTerra/.gradle/repositories/ng_dummy_ng/net/neoforged/neoforge/21.0.167/neoforge-21.0.167.jar
[05Nov.2024 15:11:55.373] [main/DEBUG] [net.neoforged.fml.loading.moddiscovery.ModFileInfo/LOADING]: Found valid mod file neoforge-21.0.167.jar with {neoforge} mods - versions {21.0.167}
[05Nov.2024 15:11:55.373] [main/DEBUG] [net.neoforged.fml.loading.moddiscovery.ModFile/LOADING]: Loading mod file /Users/adrian/Documents/Modding/ExTerra/.gradle/repositories/ng_dummy_ng/net/neoforged/neoforge/21.0.167/neoforge-21.0.167.jar with languages [LanguageSpec[languageName=javafml, acceptedVersions=[3,]]]
[05Nov.2024 15:11:55.374] [main/DEBUG] [net.neoforged.fml.loading.moddiscovery.ModFileParser/LOADING]: Found coremod field_to_method with Javascript path coremods/field_to_method.js
[05Nov.2024 15:11:55.375] [main/DEBUG] [net.neoforged.fml.loading.moddiscovery.ModFileParser/LOADING]: Found coremod field_to_instanceof with Javascript path coremods/field_to_instanceof.js
[05Nov.2024 15:11:55.375] [main/DEBUG] [net.neoforged.fml.loading.moddiscovery.ModFileParser/LOADING]: Found coremod add_bouncer_method with Javascript path coremods/add_bouncer_method.js
[05Nov.2024 15:11:55.375] [main/DEBUG] [net.neoforged.fml.loading.moddiscovery.ModFileParser/LOADING]: Found coremod method_redirector with Javascript path coremods/method_redirector.js
[05Nov.2024 15:11:55.375] [main/DEBUG] [net.neoforged.fml.loading.moddiscovery.ModFile/LOADING]: Found mixin config neoforge.mixins.json
[05Nov.2024 15:11:55.375] [main/DEBUG] [net.neoforged.fml.loading.moddiscovery.ModFile/LOADING]: Loading mod file /Users/adrian/.gradle/caches/modules-2/files-2.1/io.github.llamalad7/mixinextras-neoforge/0.3.5/ef3ffcf309dae656517b2f120189b1c9b21737dd/mixinextras-neoforge-0.3.5.jar with languages []
[05Nov.2024 15:11:55.375] [main/DEBUG] [net.neoforged.fml.loading.moddiscovery.ModValidator/SCAN]: Found 4 mod files with 3 mods
[05Nov.2024 15:11:55.376] [main/DEBUG] [cpw.mods.modlauncher.TransformationServiceDecorator/MODLAUNCHER]: End scan trigger - transformation service fml
[05Nov.2024 15:11:55.380] [main/DEBUG] [net.neoforged.fml.util.ServiceLoaderUtil/CORE]: Found 3 implementations of IModLanguageLoader:
[05Nov.2024 15:11:55.380] [main/DEBUG] [net.neoforged.fml.util.ServiceLoaderUtil/CORE]: 	net.neoforged.fml.javafmlmod.FMLJavaModLanguageProvider from loader-4.0.23.jar
[05Nov.2024 15:11:55.380] [main/DEBUG] [net.neoforged.fml.util.ServiceLoaderUtil/CORE]: 	net.neoforged.fml.lowcodemod.LowCodeModLanguageProvider from loader-4.0.23.jar
[05Nov.2024 15:11:55.380] [main/DEBUG] [net.neoforged.fml.util.ServiceLoaderUtil/CORE]: 	net.neoforged.fml.mclanguageprovider.MinecraftModLanguageProvider from loader-4.0.23.jar
[05Nov.2024 15:11:55.380] [main/DEBUG] [net.neoforged.fml.loading.LanguageProviderLoader/CORE]: Found language provider javafml, version 4.0.23
[05Nov.2024 15:11:55.380] [main/DEBUG] [net.neoforged.fml.loading.LanguageProviderLoader/CORE]: Found language provider lowcodefml, version 4.0.23
[05Nov.2024 15:11:55.380] [main/DEBUG] [net.neoforged.fml.loading.LanguageProviderLoader/CORE]: Found language provider minecraft, version 4.0.23
[05Nov.2024 15:11:55.383] [main/DEBUG] [net.neoforged.fml.loading.ModSorter/]: Configured system mods: [minecraft, neoforge]
[05Nov.2024 15:11:55.383] [main/DEBUG] [net.neoforged.fml.loading.ModSorter/]: Found system mod: minecraft
[05Nov.2024 15:11:55.383] [main/DEBUG] [net.neoforged.fml.loading.ModSorter/]: Found system mod: neoforge
[05Nov.2024 15:11:55.384] [main/DEBUG] [net.neoforged.fml.loading.ModSorter/LOADING]: Found 2 mod requirements (2 mandatory, 0 optional)
[05Nov.2024 15:11:55.384] [main/DEBUG] [net.neoforged.fml.loading.ModSorter/LOADING]: Found 0 mod requirements missing (0 mandatory, 0 optional)
[05Nov.2024 15:11:55.392] [main/DEBUG] [net.neoforged.fml.loading.FMLLoader/SCAN]: Adding Access Transformer in /Users/adrian/Documents/Modding/ExTerra/.gradle/repositories/ng_dummy_ng/net/neoforged/neoforge/21.0.167/neoforge-21.0.167.jar
[05Nov.2024 15:11:55.394] [main/DEBUG] [AXFORM/AXFORM]: Loading access transformer accesstransformer.cfg
[05Nov.2024 15:11:55.470] [main/DEBUG] [AXFORM/AXFORM]: Loaded access transformer accesstransformer.cfg
[05Nov.2024 15:11:55.471] [main/DEBUG] [mixin/]: Adding mixin platform agents for container net.neoforged.fml.loading.mixin.FMLMixinContainerHandle@64030b91
[05Nov.2024 15:11:55.471] [main/DEBUG] [mixin/]: Instancing new MixinPlatformAgentMinecraftForge for net.neoforged.fml.loading.mixin.FMLMixinContainerHandle@64030b91
[05Nov.2024 15:11:55.471] [main/DEBUG] [mixin/]: MixinPlatformAgentMinecraftForge rejected container net.neoforged.fml.loading.mixin.FMLMixinContainerHandle@64030b91
[05Nov.2024 15:11:55.472] [main/DEBUG] [mixin/]: Instancing new MixinPlatformAgentDefault for net.neoforged.fml.loading.mixin.FMLMixinContainerHandle@64030b91
[05Nov.2024 15:11:55.472] [main/DEBUG] [mixin/]: MixinPlatformAgentDefault accepted container net.neoforged.fml.loading.mixin.FMLMixinContainerHandle@64030b91
[05Nov.2024 15:11:55.472] [main/DEBUG] [mixin/]: Instancing new FMLMixinPlatformAgent for net.neoforged.fml.loading.mixin.FMLMixinContainerHandle@64030b91
[05Nov.2024 15:11:55.472] [main/DEBUG] [mixin/]: FMLMixinPlatformAgent accepted container net.neoforged.fml.loading.mixin.FMLMixinContainerHandle@64030b91
[05Nov.2024 15:11:55.477] [main/DEBUG] [cpw.mods.modlauncher.TransformationServicesHandler/MODLAUNCHER]: Transformation services loading transformers
[05Nov.2024 15:11:55.477] [main/DEBUG] [cpw.mods.modlauncher.TransformationServiceDecorator/MODLAUNCHER]: Initializing transformers for transformation service mixin
[05Nov.2024 15:11:55.477] [main/DEBUG] [cpw.mods.modlauncher.TransformationServiceDecorator/MODLAUNCHER]: Initialized transformers for transformation service mixin
[05Nov.2024 15:11:55.477] [main/DEBUG] [cpw.mods.modlauncher.TransformationServiceDecorator/MODLAUNCHER]: Initializing transformers for transformation service fml
[05Nov.2024 15:11:55.477] [main/DEBUG] [net.neoforged.fml.loading.FMLServiceProvider/LOADING]: Loading coremod transformers
[05Nov.2024 15:11:55.477] [main/INFO] [net.neoforged.fml.loading.FMLServiceProvider/CORE]: Loading coremod script-engine for [neoforge]
[05Nov.2024 15:11:55.479] [main/DEBUG] [net.neoforged.fml.loading.CoreModScriptLoader/CORE]: Loading coremod scripts
[05Nov.2024 15:11:55.661] [main/DEBUG] [net.neoforged.coremod.CoreModScriptingEngine/COREMOD]: Loading CoreMod from coremods/field_to_method.js
[05Nov.2024 15:11:55.744] [main/DEBUG] [net.neoforged.coremod.CoreModScriptingEngine/COREMOD]: CoreMod loaded successfully
[05Nov.2024 15:11:55.744] [main/DEBUG] [net.neoforged.coremod.CoreModScriptingEngine/COREMOD]: Loading CoreMod from coremods/field_to_instanceof.js
[05Nov.2024 15:11:55.770] [main/DEBUG] [net.neoforged.coremod.CoreModScriptingEngine/COREMOD]: CoreMod loaded successfully
[05Nov.2024 15:11:55.770] [main/DEBUG] [net.neoforged.coremod.CoreModScriptingEngine/COREMOD]: Loading CoreMod from coremods/add_bouncer_method.js
[05Nov.2024 15:11:55.788] [main/DEBUG] [net.neoforged.coremod.CoreModScriptingEngine/COREMOD]: CoreMod loaded successfully
[05Nov.2024 15:11:55.788] [main/DEBUG] [net.neoforged.coremod.CoreModScriptingEngine/COREMOD]: Loading CoreMod from coremods/method_redirector.js
[05Nov.2024 15:11:55.818] [main/DEBUG] [net.neoforged.coremod.CoreModScriptingEngine/COREMOD]: CoreMod loaded successfully
[05Nov.2024 15:11:55.823] [main/DEBUG] [net.neoforged.fml.util.ServiceLoaderUtil/CORE]: Found 0 implementations of ICoreMod:
[05Nov.2024 15:11:55.824] [main/DEBUG] [cpw.mods.modlauncher.TransformStore/MODLAUNCHER]: Adding transformer net.neoforged.coremod.transformer.CoreModClassTransformer@6fa13e6 to Target : cpw.mods.modlauncher.api.TargetType@72c28d64 {Lnet/minecraft/world/level/biome/Biome;} {} {V}
[05Nov.2024 15:11:55.824] [main/DEBUG] [cpw.mods.modlauncher.TransformStore/MODLAUNCHER]: Adding transformer net.neoforged.coremod.transformer.CoreModClassTransformer@ed91d8d to Target : cpw.mods.modlauncher.api.TargetType@72c28d64 {Lnet/minecraft/world/level/levelgen/structure/Structure;} {} {V}
[05Nov.2024 15:11:55.824] [main/DEBUG] [cpw.mods.modlauncher.TransformStore/MODLAUNCHER]: Adding transformer net.neoforged.coremod.transformer.CoreModClassTransformer@446626a7 to Target : cpw.mods.modlauncher.api.TargetType@72c28d64 {Lnet/minecraft/world/level/block/FlowerPotBlock;} {} {V}
[05Nov.2024 15:11:55.825] [main/DEBUG] [cpw.mods.modlauncher.TransformStore/MODLAUNCHER]: Adding transformer net.neoforged.coremod.transformer.CoreModClassTransformer@429f7919 to Target : cpw.mods.modlauncher.api.TargetType@72c28d64 {Lnet/minecraft/network/play/client/CClientSettingsPacket;} {} {V}
[05Nov.2024 15:11:55.825] [main/DEBUG] [cpw.mods.modlauncher.TransformStore/MODLAUNCHER]: Adding transformer net.neoforged.coremod.transformer.CoreModClassTransformer@4a2929a4 to Target : cpw.mods.modlauncher.api.TargetType@72c28d64 {Lnet/minecraft/world/entity/monster/ZombieVillager;} {} {V}
[05Nov.2024 15:11:55.825] [main/DEBUG] [cpw.mods.modlauncher.TransformStore/MODLAUNCHER]: Adding transformer net.neoforged.coremod.transformer.CoreModClassTransformer@4a2929a4 to Target : cpw.mods.modlauncher.api.TargetType@72c28d64 {Lnet/minecraft/world/entity/ai/village/VillageSiege;} {} {V}
[05Nov.2024 15:11:55.825] [main/DEBUG] [cpw.mods.modlauncher.TransformStore/MODLAUNCHER]: Adding transformer net.neoforged.coremod.transformer.CoreModClassTransformer@4a2929a4 to Target : cpw.mods.modlauncher.api.TargetType@72c28d64 {Lnet/minecraft/server/commands/RaidCommand;} {} {V}
[05Nov.2024 15:11:55.825] [main/DEBUG] [cpw.mods.modlauncher.TransformStore/MODLAUNCHER]: Adding transformer net.neoforged.coremod.transformer.CoreModClassTransformer@4a2929a4 to Target : cpw.mods.modlauncher.api.TargetType@72c28d64 {Lnet/minecraft/world/level/levelgen/structure/structures/OceanMonumentPieces$OceanMonumentPiece;} {} {V}
[05Nov.2024 15:11:55.825] [main/DEBUG] [cpw.mods.modlauncher.TransformStore/MODLAUNCHER]: Adding transformer net.neoforged.coremod.transformer.CoreModClassTransformer@4a2929a4 to Target : cpw.mods.modlauncher.api.TargetType@72c28d64 {Lnet/minecraft/world/level/levelgen/structure/structures/WoodlandMansionPieces$WoodlandMansionPiece;} {} {V}
[05Nov.2024 15:11:55.825] [main/DEBUG] [cpw.mods.modlauncher.TransformStore/MODLAUNCHER]: Adding transformer net.neoforged.coremod.transformer.CoreModClassTransformer@4a2929a4 to Target : cpw.mods.modlauncher.api.TargetType@72c28d64 {Lnet/minecraft/world/entity/raid/Raid;} {} {V}
[05Nov.2024 15:11:55.825] [main/DEBUG] [cpw.mods.modlauncher.TransformStore/MODLAUNCHER]: Adding transformer net.neoforged.coremod.transformer.CoreModClassTransformer@4a2929a4 to Target : cpw.mods.modlauncher.api.TargetType@72c28d64 {Lnet/minecraft/world/level/NaturalSpawner;} {} {V}
[05Nov.2024 15:11:55.825] [main/DEBUG] [cpw.mods.modlauncher.TransformStore/MODLAUNCHER]: Adding transformer net.neoforged.coremod.transformer.CoreModClassTransformer@4a2929a4 to Target : cpw.mods.modlauncher.api.TargetType@72c28d64 {Lnet/minecraft/world/entity/monster/Zombie;} {} {V}
[05Nov.2024 15:11:55.825] [main/DEBUG] [cpw.mods.modlauncher.TransformStore/MODLAUNCHER]: Adding transformer net.neoforged.coremod.transformer.CoreModClassTransformer@4a2929a4 to Target : cpw.mods.modlauncher.api.TargetType@72c28d64 {Lnet/minecraft/world/entity/monster/Spider;} {} {V}
[05Nov.2024 15:11:55.825] [main/DEBUG] [cpw.mods.modlauncher.TransformStore/MODLAUNCHER]: Adding transformer net.neoforged.coremod.transformer.CoreModClassTransformer@4a2929a4 to Target : cpw.mods.modlauncher.api.TargetType@72c28d64 {Lnet/minecraft/world/entity/npc/Villager;} {} {V}
[05Nov.2024 15:11:55.825] [main/DEBUG] [cpw.mods.modlauncher.TransformStore/MODLAUNCHER]: Adding transformer net.neoforged.coremod.transformer.CoreModClassTransformer@4a2929a4 to Target : cpw.mods.modlauncher.api.TargetType@72c28d64 {Lnet/minecraft/world/entity/monster/Strider;} {} {V}
[05Nov.2024 15:11:55.825] [main/DEBUG] [cpw.mods.modlauncher.TransformStore/MODLAUNCHER]: Adding transformer net.neoforged.coremod.transformer.CoreModClassTransformer@4a2929a4 to Target : cpw.mods.modlauncher.api.TargetType@72c28d64 {Lnet/minecraft/world/entity/animal/horse/SkeletonTrapGoal;} {} {V}
[05Nov.2024 15:11:55.825] [main/DEBUG] [cpw.mods.modlauncher.TransformStore/MODLAUNCHER]: Adding transformer net.neoforged.coremod.transformer.CoreModClassTransformer@4a2929a4 to Target : cpw.mods.modlauncher.api.TargetType@72c28d64 {Lnet/minecraft/world/level/levelgen/PhantomSpawner;} {} {V}
[05Nov.2024 15:11:55.825] [main/DEBUG] [cpw.mods.modlauncher.TransformStore/MODLAUNCHER]: Adding transformer net.neoforged.coremod.transformer.CoreModClassTransformer@4a2929a4 to Target : cpw.mods.modlauncher.api.TargetType@72c28d64 {Lnet/minecraft/server/commands/SummonCommand;} {} {V}
[05Nov.2024 15:11:55.825] [main/DEBUG] [cpw.mods.modlauncher.TransformStore/MODLAUNCHER]: Adding transformer net.neoforged.coremod.transformer.CoreModClassTransformer@4a2929a4 to Target : cpw.mods.modlauncher.api.TargetType@72c28d64 {Lnet/minecraft/world/entity/EntityType;} {} {V}
[05Nov.2024 15:11:55.825] [main/DEBUG] [cpw.mods.modlauncher.TransformStore/MODLAUNCHER]: Adding transformer net.neoforged.coremod.transformer.CoreModClassTransformer@4a2929a4 to Target : cpw.mods.modlauncher.api.TargetType@72c28d64 {Lnet/minecraft/world/entity/npc/CatSpawner;} {} {V}
[05Nov.2024 15:11:55.825] [main/DEBUG] [cpw.mods.modlauncher.TransformStore/MODLAUNCHER]: Adding transformer net.neoforged.coremod.transformer.CoreModClassTransformer@4a2929a4 to Target : cpw.mods.modlauncher.api.TargetType@72c28d64 {Lnet/minecraft/world/entity/monster/Evoker$EvokerSummonSpellGoal;} {} {V}
[05Nov.2024 15:11:55.825] [main/DEBUG] [cpw.mods.modlauncher.TransformStore/MODLAUNCHER]: Adding transformer net.neoforged.coremod.transformer.CoreModClassTransformer@4a2929a4 to Target : cpw.mods.modlauncher.api.TargetType@72c28d64 {Lnet/minecraft/world/entity/animal/frog/Tadpole;} {} {V}
[05Nov.2024 15:11:55.825] [main/DEBUG] [cpw.mods.modlauncher.TransformStore/MODLAUNCHER]: Adding transformer net.neoforged.coremod.transformer.CoreModClassTransformer@4a2929a4 to Target : cpw.mods.modlauncher.api.TargetType@72c28d64 {Lnet/minecraft/world/level/levelgen/structure/structures/SwampHutPiece;} {} {V}
[05Nov.2024 15:11:55.825] [main/DEBUG] [cpw.mods.modlauncher.TransformStore/MODLAUNCHER]: Adding transformer net.neoforged.coremod.transformer.CoreModClassTransformer@4a2929a4 to Target : cpw.mods.modlauncher.api.TargetType@72c28d64 {Lnet/minecraft/world/level/levelgen/structure/templatesystem/StructureTemplate;} {} {V}
[05Nov.2024 15:11:55.825] [main/DEBUG] [cpw.mods.modlauncher.TransformStore/MODLAUNCHER]: Adding transformer net.neoforged.coremod.transformer.CoreModClassTransformer@4a2929a4 to Target : cpw.mods.modlauncher.api.TargetType@72c28d64 {Lnet/minecraft/world/level/levelgen/PatrolSpawner;} {} {V}
[05Nov.2024 15:11:55.825] [main/DEBUG] [cpw.mods.modlauncher.TransformStore/MODLAUNCHER]: Adding transformer net.neoforged.coremod.transformer.CoreModClassTransformer@4a2929a4 to Target : cpw.mods.modlauncher.api.TargetType@72c28d64 {Lnet/minecraft/world/level/levelgen/structure/structures/OceanRuinPieces$OceanRuinPiece;} {} {V}
[05Nov.2024 15:11:55.825] [main/DEBUG] [cpw.mods.modlauncher.TransformationServiceDecorator/MODLAUNCHER]: Initialized transformers for transformation service fml
[05Nov.2024 15:11:55.894] [main/DEBUG] [mixin/]: Processing prepare() for PlatformAgent[MixinPlatformAgentDefault:ModLauncher Root Container(ModLauncher:4f56a0a2)]
[05Nov.2024 15:11:55.895] [main/DEBUG] [mixin/]: Processing prepare() for PlatformAgent[MixinPlatformAgentDefault:net.neoforged.fml.loading.mixin.FMLMixinContainerHandle@64030b91]
[05Nov.2024 15:11:55.895] [main/DEBUG] [mixin/]: Processing prepare() for PlatformAgent[FMLMixinPlatformAgent:null]
[05Nov.2024 15:11:55.913] [main/DEBUG] [mixin/]: Processing launch tasks for PlatformAgent[MixinPlatformAgentDefault:ModLauncher Root Container(ModLauncher:4f56a0a2)]
[05Nov.2024 15:11:55.913] [main/DEBUG] [mixin/]: Adding mixin platform agents for container SecureJarResource(mixin_synthetic)
[05Nov.2024 15:11:55.913] [main/DEBUG] [mixin/]: Instancing new MixinPlatformAgentMinecraftForge for SecureJarResource(mixin_synthetic)
[05Nov.2024 15:11:55.913] [main/DEBUG] [mixin/]: MixinPlatformAgentMinecraftForge rejected container SecureJarResource(mixin_synthetic)
[05Nov.2024 15:11:55.913] [main/DEBUG] [mixin/]: Instancing new MixinPlatformAgentDefault for SecureJarResource(mixin_synthetic)
[05Nov.2024 15:11:55.913] [main/DEBUG] [mixin/]: MixinPlatformAgentDefault accepted container SecureJarResource(mixin_synthetic)
[05Nov.2024 15:11:55.913] [main/DEBUG] [mixin/]: Instancing new FMLMixinPlatformAgent for SecureJarResource(mixin_synthetic)
[05Nov.2024 15:11:55.913] [main/DEBUG] [mixin/]: FMLMixinPlatformAgent rejected container SecureJarResource(mixin_synthetic)
[05Nov.2024 15:11:55.913] [main/DEBUG] [mixin/]: Processing prepare() for PlatformAgent[MixinPlatformAgentDefault:SecureJarResource(mixin_synthetic)]
[05Nov.2024 15:11:55.913] [main/DEBUG] [mixin/]: Adding mixin platform agents for container SecureJarResource(exterra)
[05Nov.2024 15:11:55.913] [main/DEBUG] [mixin/]: Instancing new MixinPlatformAgentMinecraftForge for SecureJarResource(exterra)
[05Nov.2024 15:11:55.913] [main/DEBUG] [mixin/]: MixinPlatformAgentMinecraftForge rejected container SecureJarResource(exterra)
[05Nov.2024 15:11:55.913] [main/DEBUG] [mixin/]: Instancing new MixinPlatformAgentDefault for SecureJarResource(exterra)
[05Nov.2024 15:11:55.913] [main/DEBUG] [mixin/]: MixinPlatformAgentDefault accepted container SecureJarResource(exterra)
[05Nov.2024 15:11:55.913] [main/DEBUG] [mixin/]: Instancing new FMLMixinPlatformAgent for SecureJarResource(exterra)
[05Nov.2024 15:11:55.913] [main/DEBUG] [mixin/]: FMLMixinPlatformAgent rejected container SecureJarResource(exterra)
[05Nov.2024 15:11:55.913] [main/DEBUG] [mixin/]: Processing prepare() for PlatformAgent[MixinPlatformAgentDefault:SecureJarResource(exterra)]
[05Nov.2024 15:11:55.913] [main/DEBUG] [mixin/]: Adding mixin platform agents for container SecureJarResource(minecraft)
[05Nov.2024 15:11:55.913] [main/DEBUG] [mixin/]: Instancing new MixinPlatformAgentMinecraftForge for SecureJarResource(minecraft)
[05Nov.2024 15:11:55.913] [main/DEBUG] [mixin/]: MixinPlatformAgentMinecraftForge rejected container SecureJarResource(minecraft)
[05Nov.2024 15:11:55.913] [main/DEBUG] [mixin/]: Instancing new MixinPlatformAgentDefault for SecureJarResource(minecraft)
[05Nov.2024 15:11:55.914] [main/DEBUG] [mixin/]: MixinPlatformAgentDefault accepted container SecureJarResource(minecraft)
[05Nov.2024 15:11:55.914] [main/DEBUG] [mixin/]: Instancing new FMLMixinPlatformAgent for SecureJarResource(minecraft)
[05Nov.2024 15:11:55.914] [main/DEBUG] [mixin/]: FMLMixinPlatformAgent rejected container SecureJarResource(minecraft)
[05Nov.2024 15:11:55.914] [main/DEBUG] [mixin/]: Processing prepare() for PlatformAgent[MixinPlatformAgentDefault:SecureJarResource(minecraft)]
[05Nov.2024 15:11:55.914] [main/DEBUG] [mixin/]: Adding mixin platform agents for container SecureJarResource(mixinextras.neoforge)
[05Nov.2024 15:11:55.914] [main/DEBUG] [mixin/]: Instancing new MixinPlatformAgentMinecraftForge for SecureJarResource(mixinextras.neoforge)
[05Nov.2024 15:11:55.914] [main/DEBUG] [mixin/]: MixinPlatformAgentMinecraftForge rejected container SecureJarResource(mixinextras.neoforge)
[05Nov.2024 15:11:55.914] [main/DEBUG] [mixin/]: Instancing new MixinPlatformAgentDefault for SecureJarResource(mixinextras.neoforge)
[05Nov.2024 15:11:55.914] [main/DEBUG] [mixin/]: MixinPlatformAgentDefault accepted container SecureJarResource(mixinextras.neoforge)
[05Nov.2024 15:11:55.914] [main/DEBUG] [mixin/]: Instancing new FMLMixinPlatformAgent for SecureJarResource(mixinextras.neoforge)
[05Nov.2024 15:11:55.914] [main/DEBUG] [mixin/]: FMLMixinPlatformAgent rejected container SecureJarResource(mixinextras.neoforge)
[05Nov.2024 15:11:55.914] [main/DEBUG] [mixin/]: Processing prepare() for PlatformAgent[MixinPlatformAgentDefault:SecureJarResource(mixinextras.neoforge)]
[05Nov.2024 15:11:55.914] [main/DEBUG] [mixin/]: Registering mixin config: mixinextras.init.mixins.json source=SecureJarResource(mixinextras.neoforge)
[05Nov.2024 15:11:55.914] [main/DEBUG] [mixin/]: inject() running with 6 agents
[05Nov.2024 15:11:55.915] [main/DEBUG] [mixin/]: Processing inject() for PlatformAgent[MixinPlatformAgentDefault:ModLauncher Root Container(ModLauncher:4f56a0a2)]
[05Nov.2024 15:11:55.915] [main/DEBUG] [mixin/]: Processing inject() for PlatformAgent[MixinPlatformAgentDefault:net.neoforged.fml.loading.mixin.FMLMixinContainerHandle@64030b91]
[05Nov.2024 15:11:55.915] [main/DEBUG] [mixin/]: Processing inject() for PlatformAgent[FMLMixinPlatformAgent:null]
[05Nov.2024 15:11:55.915] [main/DEBUG] [mixin/]: Processing inject() for PlatformAgent[MixinPlatformAgentDefault:SecureJarResource(mixin_synthetic)]
[05Nov.2024 15:11:55.915] [main/DEBUG] [mixin/]: Processing inject() for PlatformAgent[MixinPlatformAgentDefault:SecureJarResource(exterra)]
[05Nov.2024 15:11:55.915] [main/DEBUG] [mixin/]: Processing inject() for PlatformAgent[MixinPlatformAgentDefault:SecureJarResource(minecraft)]
[05Nov.2024 15:11:55.915] [main/DEBUG] [mixin/]: Processing inject() for PlatformAgent[MixinPlatformAgentDefault:SecureJarResource(mixinextras.neoforge)]
[05Nov.2024 15:11:55.915] [main/INFO] [cpw.mods.modlauncher.LaunchServiceHandler/MODLAUNCHER]: Launching target 'forgedatauserdev' with arguments [--gameDir, ., --assetsDir, /Users/adrian/.gradle/caches/minecraft/assets/1.21, --mod, exterra, --all, --output, /Users/adrian/Documents/Modding/ExTerra/src/generated/resources, --existing, /Users/adrian/Documents/Modding/ExTerra/src/main/resources, --assetIndex, asset-index]
[05Nov.2024 15:11:55.926] [main/DEBUG] [mixin/]: Preparing mixins for MixinEnvironment[DEFAULT]
[05Nov.2024 15:11:55.926] [main/DEBUG] [mixin/]: Selecting config neoforge.mixins.json
[05Nov.2024 15:11:55.928] [main/DEBUG] [mixin/]: Selecting config mixinextras.init.mixins.json
[05Nov.2024 15:11:55.942] [main/DEBUG] [MixinExtras|Service/]: com.llamalad7.mixinextras.service.MixinExtrasServiceImpl(version=0.3.5) is taking over from null
[05Nov.2024 15:11:55.959] [main/DEBUG] [mixin/]: Registering new injector for @Inject with org.spongepowered.asm.mixin.injection.struct.CallbackInjectionInfo
[05Nov.2024 15:11:55.960] [main/DEBUG] [mixin/]: Registering new injector for @ModifyArg with org.spongepowered.asm.mixin.injection.struct.ModifyArgInjectionInfo
[05Nov.2024 15:11:55.960] [main/DEBUG] [mixin/]: Registering new injector for @ModifyArgs with org.spongepowered.asm.mixin.injection.struct.ModifyArgsInjectionInfo
[05Nov.2024 15:11:55.961] [main/DEBUG] [mixin/]: Registering new injector for @Redirect with org.spongepowered.asm.mixin.injection.struct.RedirectInjectionInfo
[05Nov.2024 15:11:55.961] [main/DEBUG] [mixin/]: Registering new injector for @ModifyVariable with org.spongepowered.asm.mixin.injection.struct.ModifyVariableInjectionInfo
[05Nov.2024 15:11:55.961] [main/DEBUG] [mixin/]: Registering new injector for @ModifyConstant with org.spongepowered.asm.mixin.injection.struct.ModifyConstantInjectionInfo
[05Nov.2024 15:11:55.966] [main/DEBUG] [mixin/]: Preparing neoforge.mixins.json (2)
[05Nov.2024 15:11:55.974] [main/DEBUG] [net.neoforged.accesstransformer.AccessTransformer/AXFORM]: Transforming net.minecraft.world.level.block.entity.BlockEntityType INNERCLASS BlockEntitySupplier to access PUBLIC and LEAVE
[05Nov.2024 15:11:55.979] [main/TRACE] [mixin/]: Added class metadata for net/minecraft/world/level/block/entity/BlockEntityType to metadata cache
[05Nov.2024 15:11:55.981] [main/TRACE] [mixin/]: Added class metadata for net/minecraft/core/MappedRegistry to metadata cache
[05Nov.2024 15:11:55.981] [main/DEBUG] [mixin/]: Preparing mixinextras.init.mixins.json (0)
[05Nov.2024 15:11:56.044] [main/DEBUG] [io.netty.util.internal.logging.InternalLoggerFactory/]: Using SLF4J as the default logging framework
[05Nov.2024 15:11:56.046] [main/DEBUG] [io.netty.util.ResourceLeakDetector/]: -Dio.netty.leakDetection.level: simple
[05Nov.2024 15:11:56.046] [main/DEBUG] [io.netty.util.ResourceLeakDetector/]: -Dio.netty.leakDetection.targetRecords: 4
[05Nov.2024 15:11:56.119] [main/INFO] [net.neoforged.neoforge.data.loading.DatagenModLoader/]: Initializing Data Gatherer for mods [exterra]
[05Nov.2024 15:11:56.128] [main/INFO] [MixinExtras|Service/]: Initializing MixinExtras via com.llamalad7.mixinextras.service.MixinExtrasServiceImpl(version=0.3.5).
[05Nov.2024 15:11:56.129] [main/DEBUG] [mixin/]: Registering new injector for @SugarWrapper with com.llamalad7.mixinextras.sugar.impl.SugarWrapperInjectionInfo
[05Nov.2024 15:11:56.129] [main/DEBUG] [mixin/]: Registering new injector for @FactoryRedirectWrapper with com.llamalad7.mixinextras.wrapper.factory.FactoryRedirectWrapperInjectionInfo
[05Nov.2024 15:11:56.131] [main/DEBUG] [mixin/]: Mixing MappedRegistryAccessor from neoforge.mixins.json into net.minecraft.core.MappedRegistry
[05Nov.2024 15:11:56.133] [main/DEBUG] [mixin/]: neoforge.mixins.json:MappedRegistryAccessor from mod neoforge: Class version 65 required is higher than the class version supported by the current version of Mixin (JAVA_16 supports class version 60)
[05Nov.2024 15:11:56.511] [main/DEBUG] [net.neoforged.coremod.transformer.CoreModBaseTransformer/COREMOD]: Transforming net/minecraft/world/level/block/FlowerPotBlock
[05Nov.2024 15:11:56.540] [main/DEBUG] [net.neoforged.coremod.transformer.CoreModBaseTransformer/COREMOD]: Transforming net/minecraft/world/entity/EntityType
[05Nov.2024 15:11:56.833] [main/DEBUG] [mixin/]: Mixing BlockEntityTypeAccessor from neoforge.mixins.json into net.minecraft.world.level.block.entity.BlockEntityType
[05Nov.2024 15:11:56.834] [main/DEBUG] [mixin/]: neoforge.mixins.json:BlockEntityTypeAccessor from mod neoforge: Class version 65 required is higher than the class version supported by the current version of Mixin (JAVA_16 supports class version 60)
[05Nov.2024 15:11:56.931] [main/DEBUG] [net.neoforged.coremod.transformer.CoreModBaseTransformer/COREMOD]: Transforming net/minecraft/world/level/biome/Biome
[05Nov.2024 15:11:57.341] [main/DEBUG] [net.neoforged.coremod.transformer.CoreModBaseTransformer/COREMOD]: Transforming net/minecraft/world/entity/animal/frog/Tadpole
[05Nov.2024 15:11:57.728] [main/DEBUG] [io.netty.util.internal.PlatformDependent0/]: -Dio.netty.noUnsafe: false
[05Nov.2024 15:11:57.728] [main/DEBUG] [io.netty.util.internal.PlatformDependent0/]: Java version: 21
[05Nov.2024 15:11:57.728] [main/DEBUG] [io.netty.util.internal.PlatformDependent0/]: sun.misc.Unsafe.theUnsafe: available
[05Nov.2024 15:11:57.729] [main/DEBUG] [io.netty.util.internal.PlatformDependent0/]: sun.misc.Unsafe.copyMemory: available
[05Nov.2024 15:11:57.729] [main/DEBUG] [io.netty.util.internal.PlatformDependent0/]: sun.misc.Unsafe.storeFence: available
[05Nov.2024 15:11:57.729] [main/DEBUG] [io.netty.util.internal.PlatformDependent0/]: java.nio.Buffer.address: available
[05Nov.2024 15:11:57.729] [main/DEBUG] [io.netty.util.internal.PlatformDependent0/]: java.nio.Bits.unaligned: available, true
[05Nov.2024 15:11:57.730] [main/DEBUG] [io.netty.util.internal.PlatformDependent0/]: java.nio.DirectByteBuffer.<init>(long, {int,long}): unavailable
[05Nov.2024 15:11:57.731] [main/DEBUG] [io.netty.util.internal.PlatformDependent/]: sun.misc.Unsafe: available
[05Nov.2024 15:11:57.731] [main/DEBUG] [io.netty.util.internal.PlatformDependent/]: maxDirectMemory: 4294967296 bytes (maybe)
[05Nov.2024 15:11:57.731] [main/DEBUG] [io.netty.util.internal.PlatformDependent/]: -Dio.netty.tmpdir: /var/folders/z0/xcvmqpt91kvbl54tbbprnm040000gn/T (java.io.tmpdir)
[05Nov.2024 15:11:57.731] [main/DEBUG] [io.netty.util.internal.PlatformDependent/]: -Dio.netty.bitMode: 64 (sun.arch.data.model)
[05Nov.2024 15:11:57.731] [main/DEBUG] [io.netty.util.internal.PlatformDependent/]: Platform: MacOS
[05Nov.2024 15:11:57.731] [main/DEBUG] [io.netty.util.internal.PlatformDependent/]: -Dio.netty.maxDirectMemory: -1 bytes
[05Nov.2024 15:11:57.731] [main/DEBUG] [io.netty.util.internal.PlatformDependent/]: -Dio.netty.uninitializedArrayAllocationThreshold: -1
[05Nov.2024 15:11:57.732] [main/DEBUG] [io.netty.util.internal.CleanerJava9/]: java.nio.ByteBuffer.cleaner(): available
[05Nov.2024 15:11:57.732] [main/DEBUG] [io.netty.util.internal.PlatformDependent/]: -Dio.netty.noPreferDirect: false
[05Nov.2024 15:11:58.195] [main/DEBUG] [net.neoforged.coremod.transformer.CoreModBaseTransformer/COREMOD]: Transforming net/minecraft/world/entity/monster/Spider
[05Nov.2024 15:11:58.223] [main/DEBUG] [net.neoforged.coremod.transformer.CoreModBaseTransformer/COREMOD]: Transforming net/minecraft/world/entity/monster/Zombie
[05Nov.2024 15:11:58.246] [main/DEBUG] [net.neoforged.coremod.transformer.CoreModBaseTransformer/COREMOD]: Transforming net/minecraft/world/entity/monster/ZombieVillager
[05Nov.2024 15:11:58.273] [main/DEBUG] [net.neoforged.coremod.transformer.CoreModBaseTransformer/COREMOD]: Transforming net/minecraft/world/entity/monster/Evoker$EvokerSummonSpellGoal
[05Nov.2024 15:11:58.349] [main/DEBUG] [net.neoforged.coremod.transformer.CoreModBaseTransformer/COREMOD]: Transforming net/minecraft/world/entity/animal/horse/SkeletonTrapGoal
[05Nov.2024 15:11:58.360] [main/DEBUG] [net.neoforged.coremod.transformer.CoreModBaseTransformer/COREMOD]: Transforming net/minecraft/world/entity/monster/Strider
[05Nov.2024 15:11:58.392] [main/DEBUG] [net.neoforged.coremod.transformer.CoreModBaseTransformer/COREMOD]: Transforming net/minecraft/world/entity/npc/Villager
[05Nov.2024 15:11:59.021] [main/DEBUG] [net.neoforged.coremod.transformer.CoreModBaseTransformer/COREMOD]: Transforming net/minecraft/world/level/levelgen/structure/Structure
[05Nov.2024 15:11:59.036] [main/DEBUG] [net.neoforged.coremod.transformer.CoreModBaseTransformer/COREMOD]: Transforming net/minecraft/world/level/levelgen/structure/structures/OceanRuinPieces$OceanRuinPiece
[05Nov.2024 15:11:59.042] [main/DEBUG] [net.neoforged.coremod.transformer.CoreModBaseTransformer/COREMOD]: Transforming net/minecraft/world/level/levelgen/structure/structures/SwampHutPiece
[05Nov.2024 15:11:59.048] [main/DEBUG] [net.neoforged.coremod.transformer.CoreModBaseTransformer/COREMOD]: Transforming net/minecraft/world/level/levelgen/structure/structures/OceanMonumentPieces$OceanMonumentPiece
[05Nov.2024 15:11:59.057] [main/DEBUG] [net.neoforged.coremod.transformer.CoreModBaseTransformer/COREMOD]: Transforming net/minecraft/world/level/levelgen/structure/structures/WoodlandMansionPieces$WoodlandMansionPiece
[05Nov.2024 15:11:59.230] [main/DEBUG] [net.neoforged.neoforge.registries.GameData/REGISTRIES]: Creating vanilla freeze snapshot
[05Nov.2024 15:11:59.248] [main/DEBUG] [net.neoforged.neoforge.registries.GameData/REGISTRIES]: Vanilla freeze snapshot created
[05Nov.2024 15:11:59.249] [main/DEBUG] [net.neoforged.fml.ModWorkManager/LOADING]: Using 10 threads for parallel mod-loading
[05Nov.2024 15:11:59.254] [main/DEBUG] [net.neoforged.fml.javafmlmod.FMLModContainer/LOADING]: Creating FMLModContainer instance for [com.kauruck.exterra.ExTerra]
[05Nov.2024 15:11:59.258] [main/DEBUG] [net.neoforged.fml.javafmlmod.FMLModContainer/LOADING]: Creating FMLModContainer instance for [net.neoforged.neoforge.common.NeoForgeMod, net.neoforged.neoforge.client.ClientNeoForgeMod]
[05Nov.2024 15:11:59.268] [modloading-worker-0/DEBUG] [net.neoforged.neoforge.internal.versions.neoforge.NeoForgeVersion/CORE]: Found NeoForge version 21.0.167
[05Nov.2024 15:11:59.268] [modloading-worker-0/DEBUG] [net.neoforged.neoforge.internal.versions.neoforge.NeoForgeVersion/CORE]: Found FML version 4.0.23
[05Nov.2024 15:11:59.268] [modloading-worker-0/INFO] [net.neoforged.neoforge.common.NeoForgeMod/NEOFORGE-MOD]: NeoForge mod loading, version 21.0.167, for MC 1.21
[05Nov.2024 15:11:59.275] [modloading-worker-0/INFO] [com.kauruck.exterra.ExTerra/]: Registered 14 Items
[05Nov.2024 15:11:59.275] [modloading-worker-0/INFO] [com.kauruck.exterra.ExTerra/]: Registered 8 Blocks
[05Nov.2024 15:11:59.275] [modloading-worker-0/INFO] [com.kauruck.exterra.ExTerra/]: Registered 3 Blockentities
[05Nov.2024 15:11:59.276] [modloading-worker-0/INFO] [com.kauruck.exterra.ExTerra/]: Registered 0 Containers
[05Nov.2024 15:11:59.276] [modloading-worker-0/INFO] [com.kauruck.exterra.ExTerra/]: Registered 2 Matters
[05Nov.2024 15:11:59.276] [modloading-worker-0/INFO] [com.kauruck.exterra.ExTerra/]: Registered 1 recipe types
[05Nov.2024 15:11:59.276] [modloading-worker-0/INFO] [com.kauruck.exterra.ExTerra/]: Registered 1 recipe serializer
[05Nov.2024 15:11:59.276] [modloading-worker-0/INFO] [com.kauruck.exterra.ExTerra/]: Registered 1 ingredient serializer
[05Nov.2024 15:11:59.276] [modloading-worker-0/INFO] [com.kauruck.exterra.ExTerra/]: Registered 4 Data Components
[05Nov.2024 15:11:59.276] [modloading-worker-0/INFO] [com.kauruck.exterra.ExTerra/]: Registered 3 geometric serializer
[05Nov.2024 15:11:59.276] [modloading-worker-0/INFO] [com.kauruck.exterra.ExTerra/]: Registered 2 block entity property codecs
[05Nov.2024 15:11:59.276] [modloading-worker-0/INFO] [com.kauruck.exterra.ExTerra/]: Registered 1 creative tabs
[05Nov.2024 15:11:59.276] [modloading-worker-0/DEBUG] [net.neoforged.fml.javafmlmod.AutomaticEventSubscriber/LOADING]: Attempting to inject @EventBusSubscriber classes into the eventbus for exterra
[05Nov.2024 15:11:59.277] [modloading-worker-0/DEBUG] [net.neoforged.fml.javafmlmod.AutomaticEventSubscriber/LOADING]: Auto-subscribing com.kauruck.exterra.networking.ExTerraNetworking to MOD
[05Nov.2024 15:11:59.278] [modloading-worker-0/DEBUG] [net.neoforged.fml.javafmlmod.AutomaticEventSubscriber/LOADING]: Auto-subscribing com.kauruck.exterra.commands.ExTerraCommands to GAME
[05Nov.2024 15:11:59.278] [modloading-worker-0/DEBUG] [net.neoforged.fml.javafmlmod.AutomaticEventSubscriber/LOADING]: Auto-subscribing com.kauruck.exterra.data.DataEventHandler to GAME
[05Nov.2024 15:11:59.280] [modloading-worker-0/DEBUG] [net.neoforged.fml.config.ConfigTracker/CONFIG]: Config file neoforge-client.toml for neoforge tracking
[05Nov.2024 15:11:59.280] [modloading-worker-0/DEBUG] [net.neoforged.fml.config.ConfigTracker/CONFIG]: Config file neoforge-server.toml for neoforge tracking
[05Nov.2024 15:11:59.280] [modloading-worker-0/DEBUG] [net.neoforged.fml.config.ConfigTracker/CONFIG]: Config file neoforge-common.toml for neoforge tracking
[05Nov.2024 15:11:59.318] [modloading-worker-0/DEBUG] [net.neoforged.fml.javafmlmod.AutomaticEventSubscriber/LOADING]: Attempting to inject @EventBusSubscriber classes into the eventbus for neoforge
[05Nov.2024 15:11:59.319] [modloading-worker-0/DEBUG] [net.neoforged.fml.javafmlmod.AutomaticEventSubscriber/LOADING]: Auto-subscribing net.neoforged.neoforge.server.command.ConfigCommand to GAME
[05Nov.2024 15:11:59.320] [modloading-worker-0/DEBUG] [net.neoforged.fml.javafmlmod.AutomaticEventSubscriber/LOADING]: Auto-subscribing net.neoforged.neoforge.network.filters.GenericPacketSplitter to MOD
[05Nov.2024 15:11:59.335] [modloading-worker-0/DEBUG] [io.netty.buffer.AbstractByteBuf/]: -Dio.netty.buffer.checkAccessible: true
[05Nov.2024 15:11:59.335] [modloading-worker-0/DEBUG] [io.netty.buffer.AbstractByteBuf/]: -Dio.netty.buffer.checkBounds: true
[05Nov.2024 15:11:59.335] [modloading-worker-0/DEBUG] [io.netty.util.ResourceLeakDetectorFactory/]: Loaded default ResourceLeakDetector: io.netty.util.ResourceLeakDetector@1d4dd668
[05Nov.2024 15:11:59.339] [modloading-worker-0/DEBUG] [io.netty.util.internal.InternalThreadLocalMap/]: -Dio.netty.threadLocalMap.stringBuilder.initialSize: 1024
[05Nov.2024 15:11:59.339] [modloading-worker-0/DEBUG] [io.netty.util.internal.InternalThreadLocalMap/]: -Dio.netty.threadLocalMap.stringBuilder.maxSize: 4096
[05Nov.2024 15:11:59.343] [modloading-worker-0/DEBUG] [io.netty.buffer.PooledByteBufAllocator/]: -Dio.netty.allocator.numHeapArenas: 20
[05Nov.2024 15:11:59.343] [modloading-worker-0/DEBUG] [io.netty.buffer.PooledByteBufAllocator/]: -Dio.netty.allocator.numDirectArenas: 20
[05Nov.2024 15:11:59.343] [modloading-worker-0/DEBUG] [io.netty.buffer.PooledByteBufAllocator/]: -Dio.netty.allocator.pageSize: 8192
[05Nov.2024 15:11:59.343] [modloading-worker-0/DEBUG] [io.netty.buffer.PooledByteBufAllocator/]: -Dio.netty.allocator.maxOrder: 9
[05Nov.2024 15:11:59.343] [modloading-worker-0/DEBUG] [io.netty.buffer.PooledByteBufAllocator/]: -Dio.netty.allocator.chunkSize: 4194304
[05Nov.2024 15:11:59.343] [modloading-worker-0/DEBUG] [io.netty.buffer.PooledByteBufAllocator/]: -Dio.netty.allocator.smallCacheSize: 256
[05Nov.2024 15:11:59.343] [modloading-worker-0/DEBUG] [io.netty.buffer.PooledByteBufAllocator/]: -Dio.netty.allocator.normalCacheSize: 64
[05Nov.2024 15:11:59.343] [modloading-worker-0/DEBUG] [io.netty.buffer.PooledByteBufAllocator/]: -Dio.netty.allocator.maxCachedBufferCapacity: 32768
[05Nov.2024 15:11:59.343] [modloading-worker-0/DEBUG] [io.netty.buffer.PooledByteBufAllocator/]: -Dio.netty.allocator.cacheTrimInterval: 8192
[05Nov.2024 15:11:59.343] [modloading-worker-0/DEBUG] [io.netty.buffer.PooledByteBufAllocator/]: -Dio.netty.allocator.cacheTrimIntervalMillis: 0
[05Nov.2024 15:11:59.343] [modloading-worker-0/DEBUG] [io.netty.buffer.PooledByteBufAllocator/]: -Dio.netty.allocator.useCacheForAllThreads: false
[05Nov.2024 15:11:59.343] [modloading-worker-0/DEBUG] [io.netty.buffer.PooledByteBufAllocator/]: -Dio.netty.allocator.maxCachedByteBuffersPerChunk: 1023
[05Nov.2024 15:11:59.347] [modloading-worker-0/DEBUG] [io.netty.buffer.ByteBufUtil/]: -Dio.netty.allocator.type: pooled
[05Nov.2024 15:11:59.348] [modloading-worker-0/DEBUG] [io.netty.buffer.ByteBufUtil/]: -Dio.netty.threadLocalDirectBufferSize: 0
[05Nov.2024 15:11:59.348] [modloading-worker-0/DEBUG] [io.netty.buffer.ByteBufUtil/]: -Dio.netty.maxThreadLocalCharBufferSize: 16384
[05Nov.2024 15:11:59.353] [modloading-worker-0/DEBUG] [net.neoforged.fml.javafmlmod.AutomaticEventSubscriber/LOADING]: Auto-subscribing net.neoforged.neoforge.network.NetworkInitialization to MOD
[05Nov.2024 15:11:59.354] [modloading-worker-0/DEBUG] [net.neoforged.fml.javafmlmod.AutomaticEventSubscriber/LOADING]: Auto-subscribing net.neoforged.neoforge.network.ConfigurationInitialization to MOD
[05Nov.2024 15:11:59.355] [modloading-worker-0/DEBUG] [net.neoforged.fml.javafmlmod.AutomaticEventSubscriber/LOADING]: Auto-subscribing net.neoforged.neoforge.common.MonsterRoomHooks to GAME
[05Nov.2024 15:11:59.355] [modloading-worker-0/DEBUG] [net.neoforged.fml.javafmlmod.AutomaticEventSubscriber/LOADING]: Auto-subscribing net.neoforged.neoforge.common.DeferredSpawnEggItem$CommonHandler to MOD
[05Nov.2024 15:11:59.356] [modloading-worker-0/DEBUG] [net.neoforged.fml.javafmlmod.AutomaticEventSubscriber/LOADING]: Auto-subscribing net.neoforged.neoforge.common.DeferredSpawnEggItem$ColorRegisterHandler to MOD
[05Nov.2024 15:11:59.357] [modloading-worker-0/DEBUG] [net.neoforged.fml.javafmlmod.AutomaticEventSubscriber/LOADING]: Auto-subscribing net.neoforged.neoforge.client.model.data.ModelDataManager to GAME
[05Nov.2024 15:11:59.358] [modloading-worker-0/DEBUG] [net.neoforged.fml.javafmlmod.AutomaticEventSubscriber/LOADING]: Auto-subscribing net.neoforged.neoforge.client.ParticleBoundsDebugRenderer to GAME
[05Nov.2024 15:11:59.361] [modloading-worker-0/DEBUG] [net.neoforged.fml.javafmlmod.AutomaticEventSubscriber/LOADING]: Auto-subscribing net.neoforged.neoforge.client.ClientHooks$ClientEvents to MOD
[05Nov.2024 15:11:59.362] [modloading-worker-0/DEBUG] [net.neoforged.fml.javafmlmod.AutomaticEventSubscriber/LOADING]: Auto-subscribing net.neoforged.neoforge.client.BlockEntityRenderBoundsDebugRenderer to GAME
[05Nov.2024 15:11:59.364] [modloading-worker-0/DEBUG] [net.neoforged.fml.javafmlmod.AutomaticEventSubscriber/LOADING]: Auto-subscribing net.neoforged.neoforge.attachment.AttachmentInternals to GAME
[05Nov.2024 15:11:59.375] [modloading-sync-worker/DEBUG] [net.neoforged.neoforge.registries.GameData/REGISTRIES]: Unfreezing registries
[05Nov.2024 15:11:59.433] [modloading-sync-worker/DEBUG] [net.neoforged.neoforge.registries.GameData/REGISTRIES]: Freezing registries
[05Nov.2024 15:11:59.450] [modloading-sync-worker/DEBUG] [net.neoforged.neoforge.registries.GameData/REGISTRIES]: All registries frozen
[05Nov.2024 15:11:59.498] [main/WARN] [net.minecraft.server.packs.VanillaPackResourcesBuilder/]: Assets URL 'union:/Users/adrian/Documents/Modding/ExTerra/.gradle/repositories/ng_dummy_ng/net/neoforged/neoforge/21.0.167/neoforge-21.0.167.jar%23182!/assets/.mcassetsroot' uses unexpected schema
[05Nov.2024 15:11:59.499] [main/WARN] [net.minecraft.server.packs.VanillaPackResourcesBuilder/]: Assets URL 'union:/Users/adrian/Documents/Modding/ExTerra/.gradle/repositories/ng_dummy_ng/net/neoforged/neoforge/21.0.167/neoforge-21.0.167.jar%23182!/data/.mcassetsroot' uses unexpected schema
[05Nov.2024 15:11:59.575] [main/INFO] [net.minecraft.data.DataGenerator/]: Starting provider: Recipes
[05Nov.2024 15:11:59.665] [main/INFO] [net.minecraft.data.DataGenerator/]: Recipes finished after 89 ms
[05Nov.2024 15:11:59.665] [main/INFO] [net.minecraft.data.DataGenerator/]: Starting provider: Loot Tables
[05Nov.2024 15:11:59.673] [main/INFO] [net.minecraft.data.DataGenerator/]: Loot Tables finished after 7 ms
[05Nov.2024 15:11:59.673] [main/INFO] [net.minecraft.data.DataGenerator/]: Starting provider: Tags for minecraft:block mod id exterra
[05Nov.2024 15:11:59.677] [main/INFO] [net.minecraft.data.DataGenerator/]: Tags for minecraft:block mod id exterra finished after 3 ms
[05Nov.2024 15:11:59.677] [main/INFO] [net.minecraft.data.DataGenerator/]: Starting provider: ExTerra Shapes
[05Nov.2024 15:11:59.678] [main/INFO] [net.minecraft.data.DataGenerator/]: ExTerra Shapes finished after 0 ms
[05Nov.2024 15:11:59.678] [main/INFO] [net.minecraft.data.DataGenerator/]: Starting provider: Block States: exterra
[05Nov.2024 15:11:59.703] [main/INFO] [net.minecraft.data.DataGenerator/]: Block States: exterra finished after 25 ms
[05Nov.2024 15:11:59.703] [main/INFO] [net.minecraft.data.DataGenerator/]: Starting provider: Item Models: exterra
[05Nov.2024 15:11:59.705] [main/INFO] [net.minecraft.data.DataGenerator/]: Item Models: exterra finished after 1 ms
[05Nov.2024 15:11:59.705] [main/INFO] [net.minecraft.data.DataGenerator/]: All providers took: 130 ms
[05Nov.2024 15:11:59.708] [main/INFO] [net.minecraft.data.HashCache/]: Caching: total files: 62, old count: 62, new count: 63, removed stale: 0, written: 0
